order_id,order_date,ship_mode,customer_id,postal_code,order_month
CA-2017-107503,1/1/20,Standard Class,GA-14725,44052,1
CA-2017-144463,1/1/20,Standard Class,SC-20725,90036,1
CA-2017-154466,1/1/20,First Class,DP-13390,53132,1
CA-2017-151750,1/1/20,Standard Class,JM-15250,77340,1
CA-2017-113481,2/1/20,First Class,AS-10045,28540,2
CA-2017-147207,2/1/20,Second Class,TS-21655,79907,2
CA-2017-118668,2/1/20,Second Class,FW-14395,90032,2
US-2017-114034,3/1/20,Standard Class,DL-13315,91730,3
CA-2017-111738,3/1/20,Standard Class,CM-12385,94110,3
CA-2017-150931,6/1/20,Standard Class,DP-13390,35401,6
CA-2017-159366,7/1/20,First Class,BW-11110,48205,7
US-2017-168690,7/1/20,Standard Class,TS-21085,32174,7
US-2017-123862,7/1/20,Second Class,JF-15190,90805,7
CA-2017-115154,8/1/20,First Class,RS-19420,98115,8
CA-2017-154760,9/1/20,Standard Class,BP-11290,19140,9
US-2017-158512,12/1/20,Second Class,DA-13450,20016,12
CA-2017-108000,12/1/20,Standard Class,LS-16945,94110,12
US-2017-148551,12/1/20,Standard Class,DB-13120,75217,12
US-2017-167402,1/13/20,Second Class,CP-12085,65807,1
CA-2017-138779,1/14/20,First Class,RB-19570,28540,1
US-2017-106131,1/14/20,First Class,TP-21565,80013,1
CA-2017-127306,1/14/20,Standard Class,BH-11710,37604,1
CA-2017-149076,1/14/20,Standard Class,SO-20335,90036,1
CA-2017-113278,1/14/20,Standard Class,HR-14770,47374,1
CA-2017-167752,1/15/20,First Class,RW-19690,19134,1
CA-2017-152961,1/15/20,Standard Class,SC-20095,2169,1
CA-2017-160934,1/15/20,Standard Class,TT-21460,90008,1
US-2017-104661,1/15/20,First Class,TB-21250,78745,1
CA-2017-125913,1/16/20,Same Day,JO-15145,90008,1
CA-2017-138289,1/16/20,Second Class,AR-10540,49201,1
CA-2017-154718,1/19/20,Second Class,DL-12865,76248,1
CA-2017-153045,1/19/20,Second Class,NS-18505,19140,1
US-2017-127292,1/19/20,Standard Class,RM-19375,5408,1
CA-2017-157252,1/20/20,Second Class,CV-12805,10024,1
CA-2017-161809,1/20/20,Standard Class,TH-21100,90045,1
CA-2017-144589,1/20/20,Standard Class,TM-21010,94122,1
US-2017-120649,1/20/20,Standard Class,JF-15490,6708,1
CA-2017-152079,1/20/20,First Class,ML-17410,60653,1
CA-2017-131954,1/21/20,Standard Class,DS-13030,98115,1
CA-2017-160423,1/21/20,Standard Class,PS-19045,28205,1
CA-2017-127026,1/21/20,Standard Class,MH-18115,49201,1
CA-2017-141782,1/21/20,Standard Class,BE-11410,60505,1
CA-2017-127432,1/22/20,Standard Class,AD-10180,59405,1
CA-2017-152499,1/22/20,Second Class,EH-13765,60623,1
CA-2017-145142,1/23/20,First Class,MC-17605,48234,1
CA-2017-139080,1/23/20,Standard Class,CS-12250,98103,1
CA-2017-161893,1/23/20,Standard Class,HP-14815,85705,1
CA-2017-119669,1/24/20,Standard Class,TP-21130,30080,1
CA-2017-104619,1/24/20,Standard Class,KD-16495,95123,1
CA-2017-134649,1/26/20,Second Class,CA-11965,35244,1
CA-2017-164098,1/26/20,First Class,CG-12520,77070,1
CA-2017-150469,1/26/20,Standard Class,CJ-12010,94109,1
US-2017-105935,1/26/20,Standard Class,BD-11500,31907,1
CA-2017-117870,1/27/20,Second Class,JH-15820,44240,1
US-2017-104437,1/27/20,Standard Class,TG-21310,10035,1
CA-2017-115994,1/28/20,Second Class,BT-11305,92627,1
US-2017-147984,1/28/20,Standard Class,GB-14575,67212,1
US-2017-166037,1/28/20,Standard Class,CL-12700,10009,1
US-2017-127341,1/29/20,Standard Class,CK-12595,60653,1
CA-2017-139304,1/29/20,Standard Class,VG-21790,94109,1
CA-2017-131653,1/29/20,Standard Class,RD-19585,10011,1
CA-2017-145338,1/29/20,First Class,BD-11770,19120,1
CA-2017-160927,1/29/20,Second Class,TM-21010,52302,1
CA-2017-104220,1/30/20,Standard Class,BV-11245,50315,1
CA-2017-164329,1/30/20,Same Day,MM-17920,94109,1
CA-2017-112725,1/30/20,Standard Class,EH-14125,94110,1
CA-2017-148999,1/30/20,Standard Class,EB-13870,33142,1
CA-2017-121790,1/30/20,Standard Class,LP-17095,60505,1
CA-2017-157273,1/30/20,First Class,SZ-20035,98105,1
US-2017-164147,2/2/20,First Class,DW-13585,43229,2
CA-2017-161333,2/2/20,Standard Class,JL-15835,90045,2
CA-2017-128076,2/2/20,Standard Class,BO-11350,92105,2
CA-2017-167703,3/2/20,Standard Class,MC-17575,45231,3
CA-2017-126354,3/2/20,Standard Class,SC-20380,33024,3
CA-2017-127474,3/2/20,Second Class,RD-19810,60610,3
CA-2017-169474,4/2/20,Standard Class,JF-15355,14609,4
CA-2017-131282,5/2/20,Second Class,CB-12025,76706,5
CA-2017-107517,5/2/20,Standard Class,FC-14335,90503,5
CA-2017-122994,6/2/20,First Class,MV-17485,22204,6
CA-2017-115105,6/2/20,Standard Class,BD-11770,10024,6
US-2017-101840,6/2/20,Standard Class,SP-20545,10024,6
CA-2017-154102,6/2/20,Standard Class,SN-20560,94109,6
CA-2017-118773,9/2/20,Standard Class,TP-21415,77070,9
CA-2017-150602,9/2/20,Second Class,ML-17395,90045,9
CA-2017-145807,9/2/20,Standard Class,SB-20170,90032,9
CA-2017-124086,10/2/20,Standard Class,MP-18175,92677,10
CA-2017-123659,10/2/20,First Class,MN-17935,20735,10
CA-2017-116204,11/2/20,Second Class,VW-21775,94110,11
CA-2017-131828,11/2/20,Second Class,CS-11845,98105,11
US-2017-118535,11/2/20,Standard Class,DJ-13510,10024,11
CA-2017-138156,11/2/20,First Class,MM-17260,43229,11
CA-2017-104801,2/13/20,Standard Class,FH-14350,98105,2
CA-2017-151176,2/13/20,Standard Class,SV-20785,21215,2
CA-2017-104906,2/13/20,Standard Class,JP-15460,10009,2
CA-2017-154809,2/13/20,Standard Class,MH-17455,55407,2
CA-2017-118521,2/16/20,Standard Class,LF-17185,10035,2
CA-2017-120019,2/16/20,Standard Class,NG-18355,6824,2
CA-2017-163265,2/16/20,Standard Class,JS-16030,62521,2
CA-2017-154039,2/17/20,Standard Class,JK-16120,60653,2
US-2017-163195,2/17/20,Second Class,LL-16840,70506,2
CA-2017-132647,2/17/20,Standard Class,GH-14410,8861,2
CA-2017-159149,2/17/20,First Class,CR-12820,77041,2
CA-2017-109085,2/17/20,First Class,CK-12325,45373,2
CA-2017-164707,2/18/20,Second Class,CV-12805,90045,2
CA-2017-122693,2/19/20,Second Class,NH-18610,30076,2
CA-2017-166415,2/19/20,Standard Class,ME-17725,98103,2
CA-2017-134838,2/19/20,First Class,ED-13885,90045,2
CA-2017-105809,2/20/20,First Class,HW-14935,92105,2
CA-2017-150525,2/20/20,Standard Class,JP-16135,74403,2
CA-2017-105445,2/20/20,Second Class,BP-11095,80027,2
CA-2017-135937,2/20/20,Standard Class,KM-16375,85234,2
CA-2017-124940,2/21/20,Standard Class,DK-13090,75007,2
CA-2017-104647,2/23/20,Standard Class,CK-12595,90008,2
CA-2017-136007,2/23/20,Standard Class,AC-10615,98115,2
CA-2017-111374,2/24/20,Standard Class,CB-12415,19134,2
CA-2017-127397,2/24/20,Standard Class,ES-14080,19134,2
CA-2017-125878,2/25/20,Standard Class,MH-18025,60623,2
US-2017-134642,2/25/20,Standard Class,SW-20245,27834,2
CA-2017-117212,2/26/20,Second Class,BT-11530,90036,2
CA-2017-121706,2/26/20,Standard Class,BM-11140,93101,2
CA-2017-121258,2/26/20,Standard Class,DB-13060,92627,2
CA-2017-101959,2/28/20,Standard Class,DB-13660,6457,2
CA-2017-146024,2/3/20,Standard Class,SC-20770,75081,2
CA-2017-163902,2/3/20,Standard Class,MY-17380,90045,2
CA-2017-104885,2/3/20,Standard Class,DB-13555,19711,2
CA-2017-152261,2/3/20,Standard Class,JA-15970,44221,2
CA-2017-155712,2/3/20,Standard Class,KD-16615,90008,2
CA-2017-124114,2/3/20,Same Day,RS-19765,76706,2
CA-2017-121804,3/3/20,Standard Class,LP-17095,42071,3
CA-2017-127621,3/3/20,Standard Class,RE-19450,75081,3
CA-2017-111815,3/3/20,Standard Class,EP-13915,48127,3
CA-2017-123085,3/3/20,Standard Class,EJ-13720,90008,3
CA-2017-117513,3/3/20,Standard Class,BT-11395,90004,3
CA-2017-110478,4/3/20,Standard Class,SP-20860,90045,4
CA-2017-142174,4/3/20,Standard Class,DP-13000,77041,4
US-2017-119816,4/3/20,Second Class,TT-21460,77095,4
CA-2017-147753,5/3/20,Same Day,PK-19075,53209,5
CA-2017-168123,5/3/20,Same Day,JD-16060,55901,5
CA-2017-161046,5/3/20,Same Day,CB-12535,38671,5
CA-2017-168193,6/3/20,Second Class,RM-19750,10011,6
US-2017-119039,6/3/20,Standard Class,BF-11170,94109,6
CA-2017-125101,6/3/20,Second Class,SH-19975,94109,6
CA-2017-167640,6/3/20,Standard Class,FC-14245,94109,6
CA-2017-148642,6/3/20,Standard Class,DW-13540,75220,6
CA-2017-136672,7/3/20,Standard Class,MG-17890,20735,7
CA-2017-110884,7/3/20,Standard Class,SH-20395,10035,7
CA-2017-155698,8/3/20,First Class,VB-21745,31907,8
CA-2017-104080,8/3/20,Standard Class,AH-10210,92804,8
CA-2017-102834,9/3/20,Standard Class,LW-16990,94110,9
CA-2017-147354,9/3/20,Standard Class,KB-16315,90008,9
CA-2017-144638,10/3/20,Standard Class,MH-18115,19013,10
CA-2017-130967,10/3/20,Standard Class,EB-13870,19140,10
CA-2017-155824,10/3/20,Standard Class,KS-16300,27604,10
CA-2017-140494,10/3/20,Second Class,CM-11815,94109,10
CA-2017-132290,10/3/20,Standard Class,MD-17350,75217,10
CA-2017-147291,11/3/20,Standard Class,MJ-17740,48227,11
US-2017-141558,11/3/20,Standard Class,MH-17290,19140,11
US-2017-133081,11/3/20,Standard Class,PV-18985,2138,11
CA-2017-159352,12/3/20,Standard Class,KB-16585,1852,12
CA-2017-116288,12/3/20,Standard Class,BS-11380,94122,12
CA-2017-152786,12/3/20,Standard Class,GA-14725,72756,12
CA-2017-166296,3/13/20,Standard Class,KF-16285,95336,3
CA-2017-106859,3/13/20,Second Class,BF-11215,87105,3
CA-2017-105851,3/13/20,Standard Class,SE-20110,80219,3
CA-2017-157966,3/13/20,Same Day,SU-20665,60610,3
CA-2017-153843,3/13/20,First Class,SC-20380,6824,3
CA-2017-107713,3/13/20,Standard Class,JB-16000,21044,3
US-2017-146906,3/13/20,Standard Class,MT-17815,10011,3
CA-2017-162474,3/13/20,First Class,FH-14275,60505,3
CA-2017-114370,3/14/20,Second Class,BN-11470,60623,3
US-2017-101539,3/16/20,Second Class,VM-21685,98105,3
CA-2017-152135,3/16/20,Second Class,MG-17650,44107,3
CA-2017-161172,3/16/20,Same Day,SP-20920,43229,3
CA-2017-129294,3/16/20,Standard Class,KD-16615,90032,3
CA-2017-129567,3/17/20,Second Class,CL-12565,93534,3
CA-2017-140949,3/17/20,Second Class,DB-13405,10011,3
CA-2017-142867,3/17/20,Standard Class,PO-19180,77095,3
US-2017-129224,3/17/20,Standard Class,AS-10630,37918,3
US-2017-119438,3/18/20,Standard Class,CD-11980,75701,3
CA-2017-160087,3/18/20,Standard Class,EN-13780,75220,3
CA-2017-148145,3/18/20,Standard Class,SW-20275,98115,3
CA-2017-162075,3/18/20,Standard Class,TT-21220,77041,3
CA-2017-143084,3/18/20,Standard Class,BP-11050,90008,3
CA-2017-122007,3/18/20,Second Class,JK-15325,90032,3
US-2017-104955,3/19/20,Standard Class,CG-12040,10024,3
CA-2017-105410,3/19/20,First Class,ND-18370,94110,3
CA-2017-124436,3/19/20,Second Class,SA-20830,93727,3
CA-2017-140515,3/19/20,Standard Class,GZ-14545,90008,3
CA-2017-166499,3/19/20,First Class,VG-21805,8701,3
CA-2017-154214,3/20/20,Second Class,TB-21595,47201,3
CA-2017-165491,3/20/20,Standard Class,HW-14935,98115,3
US-2017-143770,3/20/20,Standard Class,RD-19720,6457,3
CA-2017-122763,3/20/20,Same Day,HG-14845,77041,3
CA-2017-169285,3/21/20,Standard Class,RW-19690,47905,3
CA-2017-119452,3/21/20,Standard Class,CL-12565,74133,3
CA-2017-108539,3/21/20,Second Class,SC-20725,90045,3
CA-2017-156272,3/21/20,Standard Class,PW-19030,33068,3
CA-2017-117156,3/21/20,Second Class,TB-21055,19601,3
CA-2017-111591,3/21/20,Standard Class,PS-18970,98105,3
CA-2017-155985,3/23/20,First Class,BE-11335,94122,3
CA-2017-135650,3/23/20,Standard Class,AC-10660,77340,3
US-2017-140074,3/23/20,Standard Class,EC-14050,10024,3
CA-2017-136511,3/23/20,Second Class,MZ-17515,10011,3
CA-2017-120719,3/23/20,First Class,SJ-20125,98105,3
CA-2017-140151,3/23/20,First Class,RB-19360,98115,3
CA-2017-167101,3/24/20,Second Class,BM-11650,10009,3
CA-2017-166184,3/24/20,First Class,HR-14830,10035,3
CA-2017-122308,3/24/20,Standard Class,MV-17485,10011,3
CA-2017-101637,3/24/20,Same Day,AC-10615,77705,3
CA-2017-112039,3/25/20,Standard Class,JC-15775,78207,3
US-2017-117534,3/25/20,First Class,CV-12295,93727,3
CA-2017-155880,3/25/20,Standard Class,JD-16150,53209,3
CA-2017-101077,3/25/20,Second Class,DB-13660,75081,3
CA-2017-143651,3/25/20,Standard Class,FM-14215,98103,3
CA-2017-105193,3/25/20,Standard Class,JL-15835,10024,3
US-2017-121251,3/26/20,First Class,GM-14440,10009,3
CA-2017-147144,3/26/20,First Class,MZ-17335,98105,3
CA-2017-113208,3/26/20,Standard Class,ML-18040,48126,3
CA-2017-162033,3/26/20,Standard Class,EM-14200,23464,3
US-2017-141677,3/26/20,Standard Class,HK-14890,77070,3
CA-2017-139416,3/27/20,Second Class,AG-10270,19120,3
CA-2017-124716,3/27/20,Standard Class,BD-11560,93727,3
CA-2017-113705,3/27/20,Second Class,LC-16870,23223,3
CA-2017-144491,3/27/20,Standard Class,CJ-12010,77070,3
US-2017-166611,3/28/20,Standard Class,CK-12760,32216,3
US-2017-147886,3/28/20,First Class,DH-13075,94533,3
CA-2017-126550,3/29/20,Second Class,RD-19720,47905,3
CA-2017-113474,3/30/20,First Class,TM-21490,73120,3
US-2017-154851,3/30/20,Standard Class,BP-11155,17602,3
CA-2017-129910,3/30/20,Standard Class,ME-17320,31907,3
US-2017-120147,3/30/20,Same Day,TB-21400,90036,3
CA-2017-126634,3/30/20,Second Class,AB-10165,90712,3
CA-2017-154907,3/31/20,Standard Class,DS-13180,79109,3
CA-2017-100524,3/31/20,Second Class,CM-12115,10011,3
CA-2017-102771,3/31/20,Standard Class,DO-13435,10035,3
US-2017-159205,3/31/20,Second Class,DB-12910,42420,3
CA-2017-114524,3/31/20,Second Class,EG-13900,60623,3
CA-2017-133263,3/31/20,Second Class,JE-15610,30318,3
CA-2017-144680,3/31/20,First Class,SC-20260,76017,3
US-2017-160143,3/31/20,Standard Class,HG-14965,90004,3
CA-2017-145877,1/4/20,Second Class,AS-10090,65807,1
CA-2017-147942,1/4/20,Standard Class,MS-17365,94110,1
CA-2017-149881,1/4/20,First Class,NC-18535,94110,1
CA-2017-118360,1/4/20,Standard Class,JC-15775,10011,1
CA-2017-134495,1/4/20,Second Class,BF-11020,32216,1
CA-2017-129028,1/4/20,First Class,GB-14530,29501,1
US-2017-123281,2/4/20,Standard Class,JF-15190,90008,2
CA-2017-121419,2/4/20,First Class,TC-21475,31907,2
CA-2017-106355,2/4/20,First Class,AT-10435,6450,2
CA-2017-145275,2/4/20,Standard Class,AH-10465,35601,2
CA-2017-131156,3/4/20,Standard Class,KH-16360,19143,3
CA-2017-127264,3/4/20,First Class,SA-20830,60653,3
CA-2017-157903,4/4/20,Standard Class,AM-10705,60016,4
CA-2017-144848,4/4/20,First Class,DS-13030,10009,4
CA-2017-109211,4/4/20,Standard Class,PS-19045,10011,4
CA-2017-140536,4/4/20,First Class,TA-21385,10035,4
CA-2017-107265,6/4/20,Standard Class,ML-17755,52302,6
CA-2017-161592,6/4/20,Standard Class,CS-12175,37421,6
US-2017-100930,7/4/20,Standard Class,CS-12400,33614,7
CA-2017-165904,7/4/20,Standard Class,HR-14770,32216,7
CA-2017-157854,8/4/20,Standard Class,DM-13345,30076,8
CA-2017-112333,8/4/20,Standard Class,KF-16285,7060,8
CA-2017-150987,8/4/20,Standard Class,AH-10120,94110,8
US-2017-136721,8/4/20,Standard Class,NH-18610,48237,8
CA-2017-135279,9/4/20,First Class,BS-11800,10011,9
CA-2017-122154,9/4/20,First Class,SA-20830,32216,9
CA-2017-112900,9/4/20,Second Class,KL-16645,48205,9
CA-2017-169404,9/4/20,Standard Class,NC-18625,17403,9
CA-2017-161984,10/4/20,Standard Class,SJ-20125,8901,10
CA-2017-125115,10/4/20,Same Day,RD-19930,78745,10
CA-2017-115070,10/4/20,Second Class,MG-18205,32216,10
CA-2017-150623,10/4/20,Standard Class,DB-13360,6708,10
CA-2017-135069,10/4/20,Standard Class,BS-11755,19143,10
CA-2017-166128,11/4/20,Standard Class,LW-17215,91104,11
US-2017-143028,11/4/20,Standard Class,SC-20050,79424,11
US-2017-100482,11/4/20,Standard Class,JL-15130,43130,11
CA-2017-130904,11/4/20,Standard Class,HM-14980,27217,11
CA-2017-122735,12/4/20,Second Class,BD-11320,2908,12
CA-2017-155460,4/13/20,First Class,RW-19630,98105,4
CA-2017-135076,4/13/20,Standard Class,YS-21880,92345,4
CA-2017-141663,4/13/20,Standard Class,DP-13105,19134,4
CA-2017-144932,4/14/20,First Class,AB-10165,43615,4
CA-2017-159604,4/14/20,First Class,CL-12700,65807,4
CA-2017-131233,4/14/20,Standard Class,CS-12355,10024,4
US-2017-126060,4/14/20,Standard Class,DW-13585,28314,4
CA-2017-127117,4/14/20,Standard Class,HM-14860,7960,4
CA-2017-114412,4/15/20,Standard Class,AA-10480,28027,4
CA-2017-126774,4/15/20,First Class,SH-20395,22204,4
CA-2017-118857,4/15/20,First Class,AH-10075,89015,4
CA-2017-134635,4/15/20,Second Class,NS-18640,90049,4
US-2017-141698,4/15/20,Standard Class,SD-20485,77041,4
CA-2017-161851,4/15/20,First Class,BP-11095,33180,4
CA-2017-109946,4/16/20,Standard Class,PL-18925,60610,4
CA-2017-136497,4/16/20,Standard Class,RF-19840,43229,4
CA-2017-108070,4/16/20,Standard Class,JE-15745,95123,4
CA-2017-122707,4/16/20,First Class,EB-13750,35244,4
US-2017-156356,4/16/20,Standard Class,ND-18370,77095,4
US-2017-138086,4/16/20,Standard Class,JO-15550,94109,4
CA-2017-134845,4/17/20,Standard Class,SR-20425,80027,4
CA-2017-119389,4/17/20,First Class,BG-11740,19120,4
CA-2017-128965,4/17/20,Standard Class,PS-18760,90008,4
US-2017-129203,4/17/20,Standard Class,BM-11575,60653,4
CA-2017-166849,4/20/20,Standard Class,SJ-20125,60610,4
CA-2017-151484,4/20/20,First Class,CV-12805,19120,4
CA-2017-100615,4/20/20,Standard Class,SJ-20215,60653,4
CA-2017-119655,4/20/20,Standard Class,CV-12295,48234,4
US-2017-166324,4/20/20,First Class,BE-11455,44105,4
US-2017-152366,4/21/20,Second Class,SJ-20500,77036,4
US-2017-145863,4/21/20,Standard Class,RP-19390,77041,4
CA-2017-166198,4/21/20,First Class,JW-15955,98103,4
CA-2017-128853,4/21/20,First Class,JM-15250,21215,4
CA-2017-140802,4/21/20,First Class,KN-16390,77070,4
CA-2017-135783,4/22/20,First Class,GM-14440,94122,4
CA-2017-169054,4/22/20,Standard Class,MO-17800,19140,4
CA-2017-146192,4/22/20,Standard Class,BD-11725,31907,4
CA-2017-108553,4/23/20,Standard Class,SK-19990,10024,4
CA-2017-146360,4/23/20,Second Class,SC-20305,46226,4
CA-2017-104010,4/23/20,First Class,TD-20995,10011,4
CA-2017-157112,4/23/20,First Class,GG-14650,43229,4
CA-2017-136651,4/23/20,Second Class,JF-15355,91104,4
US-2017-132031,4/23/20,Standard Class,PN-18775,37042,4
CA-2017-101700,4/23/20,First Class,SO-20335,80634,4
CA-2017-149489,4/24/20,First Class,DK-12835,19143,4
CA-2017-168102,4/24/20,Standard Class,CP-12340,32216,4
CA-2017-166933,4/24/20,Standard Class,MG-17890,93101,4
CA-2017-116953,4/24/20,First Class,SV-20935,85204,4
US-2017-128832,4/24/20,First Class,LS-16945,2908,4
CA-2017-125269,4/24/20,Standard Class,AF-10870,60610,4
CA-2017-151071,4/25/20,Second Class,MB-18085,90049,4
CA-2017-132213,4/25/20,First Class,PN-18775,37211,4
CA-2017-129707,4/25/20,Standard Class,LH-16750,85224,4
CA-2017-120222,4/25/20,Standard Class,LL-16840,90032,4
CA-2017-125381,4/25/20,Second Class,SG-20605,94109,4
CA-2017-159226,4/25/20,Second Class,RL-19615,90008,4
CA-2017-160045,4/26/20,First Class,LB-16735,76106,4
CA-2017-143665,4/26/20,Standard Class,PO-19180,98115,4
CA-2017-135692,4/27/20,Standard Class,CV-12805,76106,4
CA-2017-168228,4/27/20,First Class,AP-10915,90045,4
CA-2017-151281,4/27/20,Standard Class,HM-14980,98105,4
CA-2017-160962,4/28/20,Standard Class,MC-17605,19143,4
CA-2017-120894,4/28/20,Standard Class,JL-15130,28403,4
CA-2017-137631,4/28/20,Standard Class,JL-15235,34741,4
US-2017-164056,4/29/20,Second Class,FM-14215,43017,4
CA-2017-126718,4/29/20,Standard Class,KT-16480,7050,4
CA-2017-151911,4/30/20,Second Class,DL-13495,10024,4
CA-2017-144526,4/30/20,Standard Class,QJ-19255,19143,4
CA-2017-124597,4/30/20,Standard Class,AS-10630,33437,4
CA-2017-108322,4/30/20,Standard Class,SS-20140,33068,4
US-2017-150847,4/30/20,Standard Class,JF-15490,43229,4
US-2017-107636,4/30/20,First Class,NM-18520,6040,4
US-2017-144582,4/30/20,Standard Class,TC-21475,61832,4
US-2017-136784,4/30/20,Standard Class,AD-10180,94122,4
CA-2017-137876,4/30/20,Standard Class,DJ-13510,94110,4
CA-2017-154501,4/30/20,Standard Class,EA-14035,90008,4
CA-2017-150609,4/30/20,Standard Class,NZ-18565,90032,4
US-2017-108315,4/30/20,Standard Class,MH-18115,32771,4
CA-2017-110212,1/5/20,Standard Class,SJ-20125,71854,1
CA-2017-102204,1/5/20,Standard Class,CJ-12010,32216,1
CA-2017-110198,1/5/20,First Class,AG-10900,33065,1
CA-2017-123134,2/5/20,Standard Class,DW-13585,7090,2
US-2017-128398,2/5/20,Second Class,EM-13825,90049,2
CA-2017-147844,2/5/20,Standard Class,DD-13570,90049,2
CA-2017-132178,3/5/20,Second Class,DB-12970,90004,3
CA-2017-163209,3/5/20,Standard Class,MK-18160,94122,3
CA-2017-132199,3/5/20,Standard Class,BO-11350,19134,3
CA-2017-162978,4/5/20,Standard Class,LW-16990,94109,4
CA-2017-128755,4/5/20,Standard Class,MK-18160,23602,4
CA-2017-168900,4/5/20,Standard Class,SH-20395,45503,4
CA-2017-133067,4/5/20,Standard Class,MY-18295,19140,4
CA-2017-119914,4/5/20,Second Class,CC-12220,92683,4
US-2017-141943,5/5/20,Standard Class,DK-12985,94122,5
CA-2017-105991,5/5/20,First Class,LH-17020,80027,5
CA-2017-160724,5/5/20,Standard Class,YS-21880,31907,5
CA-2017-107552,5/5/20,Same Day,AI-10855,10035,5
CA-2017-140242,6/5/20,Standard Class,ML-17755,60623,6
CA-2017-167668,6/5/20,First Class,TC-21295,10035,6
CA-2017-156769,6/5/20,First Class,GZ-14470,22204,6
US-2017-133200,6/5/20,Standard Class,DB-13555,76106,6
CA-2017-144498,6/5/20,Same Day,MB-18085,28205,6
CA-2017-133487,6/5/20,Second Class,TS-21655,91730,6
CA-2017-145779,6/5/20,Standard Class,DB-13615,85705,6
US-2017-162124,6/5/20,Standard Class,JF-15490,60653,6
CA-2017-141733,7/5/20,Standard Class,RW-19540,48234,7
CA-2017-159688,7/5/20,Standard Class,AB-10060,90004,7
CA-2017-102820,7/5/20,Standard Class,CS-11950,91104,7
CA-2017-149181,8/5/20,Standard Class,MD-17350,43229,8
CA-2017-133865,8/5/20,Standard Class,PS-19045,90032,8
CA-2017-156895,8/5/20,Standard Class,DJ-13510,19140,8
US-2017-104451,8/5/20,Second Class,MM-18055,94110,8
CA-2017-107797,8/5/20,Second Class,EB-13705,76063,8
CA-2017-134810,9/5/20,First Class,MC-17605,28540,9
CA-2017-118199,9/5/20,First Class,LB-16795,98105,9
CA-2017-133823,11/5/20,Same Day,LP-17080,98103,11
CA-2017-140298,11/5/20,Standard Class,JK-16120,78745,11
US-2017-139647,11/5/20,First Class,TS-21370,85023,11
CA-2017-115322,11/5/20,Second Class,ZC-21910,10024,11
US-2017-158218,12/5/20,Second Class,AC-10420,77041,12
CA-2017-104577,12/5/20,Standard Class,CK-12205,2149,12
US-2017-106796,12/5/20,Standard Class,JP-16135,45503,12
CA-2017-117632,12/5/20,Standard Class,CS-12175,94122,12
CA-2017-152226,12/5/20,Standard Class,JH-15910,45231,12
CA-2017-122175,12/5/20,Second Class,CA-12775,8360,12
CA-2017-100748,5/13/20,Standard Class,RB-19795,94110,5
CA-2017-149048,5/13/20,Standard Class,BM-11650,47201,5
CA-2017-161655,5/13/20,Second Class,CW-11905,19711,5
CA-2017-104318,5/13/20,Standard Class,FH-14275,37064,5
CA-2017-137785,5/13/20,Standard Class,MH-18115,19140,5
CA-2017-143686,5/14/20,Same Day,PJ-19015,92704,5
CA-2017-133641,5/14/20,Standard Class,EJ-14155,39503,5
CA-2017-115546,5/14/20,Standard Class,AH-10465,10035,5
CA-2017-129357,5/14/20,Standard Class,KB-16585,98103,5
CA-2017-161774,5/14/20,First Class,GT-14710,77041,5
US-2017-133361,5/14/20,First Class,AJ-10780,21215,5
US-2017-154872,5/14/20,Standard Class,DP-13000,44105,5
CA-2017-102414,5/15/20,Second Class,JA-15970,85023,5
US-2017-110604,5/15/20,Standard Class,JF-15295,98103,5
US-2017-152569,5/15/20,Standard Class,JD-16015,60653,5
CA-2017-166576,5/16/20,First Class,JM-15865,44312,5
CA-2017-112865,5/18/20,Standard Class,BH-11710,19140,5
CA-2017-117863,5/18/20,Standard Class,TS-21340,10024,5
CA-2017-112536,5/18/20,Standard Class,SG-20890,78501,5
CA-2017-159464,5/18/20,First Class,TB-21355,30328,5
CA-2017-121643,5/18/20,First Class,AB-10105,97206,5
CA-2017-117401,5/18/20,Second Class,PP-18955,65807,5
CA-2017-155642,5/18/20,Standard Class,BM-11575,60653,5
CA-2017-153787,5/19/20,Standard Class,AT-10735,98115,5
US-2017-100048,5/19/20,Standard Class,RS-19765,10550,5
CA-2017-138975,5/19/20,Standard Class,SC-20380,30318,5
CA-2017-113530,5/19/20,Second Class,BC-11125,94109,5
US-2017-120607,5/19/20,Same Day,JC-15775,30318,5
US-2017-108700,5/19/20,Standard Class,PJ-18835,61107,5
CA-2017-122077,5/19/20,Standard Class,JF-15295,75023,5
CA-2017-145702,5/19/20,Second Class,AH-10075,37918,5
US-2017-147998,5/19/20,Standard Class,SA-20830,95123,5
CA-2017-127803,5/19/20,Standard Class,ND-18460,35810,5
CA-2017-111332,5/20/20,Second Class,NC-18340,58103,5
CA-2017-166695,5/20/20,Standard Class,CC-12430,90712,5
CA-2017-149468,5/20/20,Same Day,AR-10405,48183,5
US-2017-166688,5/20/20,Standard Class,RD-19480,89115,5
CA-2017-167899,5/21/20,Standard Class,JG-15805,13021,5
US-2017-150595,5/22/20,Standard Class,LE-16810,60653,5
CA-2017-153080,5/22/20,Second Class,EH-13945,90008,5
US-2017-151127,5/22/20,First Class,RL-19615,90049,5
CA-2017-130106,5/22/20,Standard Class,VF-21715,94109,5
CA-2017-167003,5/23/20,Standard Class,VS-21820,90036,5
CA-2017-164042,5/23/20,Standard Class,KL-16645,77095,5
CA-2017-161088,5/25/20,Standard Class,MH-18115,31907,5
CA-2017-120168,5/25/20,Same Day,TB-21625,10009,5
CA-2017-112473,5/25/20,Standard Class,JL-15505,77070,5
CA-2017-123687,5/26/20,First Class,KC-16675,40214,5
CA-2017-152968,5/26/20,Standard Class,BM-11785,22801,5
CA-2017-107853,5/26/20,Standard Class,CD-11920,92054,5
US-2017-132297,5/27/20,Standard Class,DW-13480,40214,5
CA-2017-160458,5/27/20,Second Class,EH-13945,38109,5
CA-2017-134152,5/27/20,Standard Class,RP-19855,98103,5
US-2017-116897,5/27/20,First Class,JG-15160,83201,5
CA-2017-136882,5/27/20,Standard Class,DN-13690,74133,5
CA-2017-151855,5/27/20,Standard Class,BW-11110,27405,5
CA-2017-140088,5/28/20,Second Class,PO-18865,29203,5
US-2017-112613,5/28/20,Standard Class,JH-15910,77070,5
CA-2017-141572,5/28/20,Second Class,LO-17170,3301,5
US-2017-118556,5/28/20,Second Class,TH-21235,60653,5
CA-2017-145765,5/28/20,Standard Class,CM-11815,85023,5
CA-2017-100055,5/28/20,Standard Class,MD-17860,20707,5
CA-2017-161340,5/28/20,Standard Class,AM-10360,44105,5
CA-2017-104745,5/29/20,Standard Class,GT-14755,78550,5
CA-2017-168739,5/29/20,Standard Class,HZ-14950,77095,5
CA-2017-144568,5/29/20,Standard Class,JO-15550,68104,5
CA-2017-121580,5/29/20,Standard Class,ML-17410,47201,5
CA-2017-125472,5/30/20,First Class,BD-11725,70506,5
CA-2017-121125,5/30/20,Standard Class,MG-17890,97224,5
CA-2017-120614,5/30/20,Standard Class,SM-20950,90004,5
CA-2017-142461,5/30/20,Second Class,KT-16480,75217,5
CA-2017-116498,5/30/20,Standard Class,KA-16525,92037,5
US-2017-112928,1/6/20,Second Class,BB-10990,43615,1
CA-2017-106831,1/6/20,First Class,FH-14350,43017,1
CA-2017-146493,1/6/20,Standard Class,CV-12805,68025,1
CA-2017-157413,1/6/20,Standard Class,BW-11065,19120,1
CA-2017-121559,1/6/20,Second Class,HW-14935,46203,1
CA-2017-127705,2/6/20,Standard Class,AB-10255,44052,2
CA-2017-140760,2/6/20,Second Class,DO-13435,85204,2
CA-2017-158883,2/6/20,Same Day,CS-11860,28540,2
CA-2017-143294,2/6/20,Standard Class,JD-15790,77070,2
CA-2017-126382,3/6/20,Standard Class,HK-14890,37064,3
CA-2017-150420,3/6/20,Standard Class,GD-14590,98226,3
CA-2017-145772,3/6/20,Standard Class,SS-20140,90036,3
CA-2017-140872,3/6/20,Standard Class,NR-18550,33024,3
CA-2017-113908,3/6/20,Standard Class,KN-16390,10011,3
CA-2017-145506,3/6/20,Standard Class,MO-17800,99207,3
CA-2017-158407,4/6/20,Standard Class,LW-16990,28110,4
CA-2017-100426,4/6/20,Standard Class,DC-12850,35630,4
CA-2017-158106,4/6/20,Standard Class,CT-11995,55124,4
CA-2017-158953,4/6/20,Standard Class,ML-18040,77489,4
CA-2017-133095,4/6/20,Same Day,EH-14005,72401,4
CA-2017-149720,4/6/20,Second Class,EM-14065,75034,4
CA-2017-126788,5/6/20,First Class,AB-10105,77581,5
CA-2017-141614,5/6/20,Standard Class,NS-18640,32839,5
US-2017-131849,6/6/20,Standard Class,GH-14410,94122,6
US-2017-155299,8/6/20,Standard Class,Dl-13600,77506,8
CA-2017-132682,8/6/20,Second Class,TH-21235,75081,8
CA-2017-117436,8/6/20,Standard Class,LW-17125,6360,8
US-2017-106579,8/6/20,Standard Class,BW-11200,60076,8
US-2017-109316,8/6/20,First Class,MG-17680,90049,8
US-2017-107979,8/6/20,Standard Class,FO-14305,85301,8
US-2017-106663,9/6/20,Standard Class,MO-17800,60653,9
CA-2017-100951,9/6/20,First Class,NC-18625,75217,9
US-2017-146822,9/6/20,Standard Class,AG-10675,24153,9
CA-2017-140963,10/6/20,First Class,MT-18070,90045,10
CA-2017-106103,10/6/20,Standard Class,SC-20305,48307,10
CA-2017-143343,10/6/20,First Class,BW-11200,90032,10
US-2017-131583,10/6/20,Same Day,CL-11890,19143,10
CA-2017-107167,10/6/20,Standard Class,ND-18460,32216,10
CA-2017-167080,10/6/20,Standard Class,LC-16930,10011,10
CA-2017-158071,10/6/20,Standard Class,BD-11320,98103,10
CA-2017-137001,10/6/20,Second Class,GZ-14545,91360,10
CA-2017-112172,10/6/20,Second Class,MM-18280,10024,10
US-2017-152002,11/6/20,Same Day,DV-13465,90004,11
US-2017-120418,11/6/20,First Class,BC-11125,85345,11
CA-2017-102554,11/6/20,Standard Class,KN-16705,36830,11
CA-2017-134565,11/6/20,Second Class,TB-21400,98103,11
CA-2017-141481,11/6/20,First Class,ZD-21925,90036,11
CA-2017-133928,11/6/20,Standard Class,ZC-21910,28601,11
CA-2017-148474,12/6/20,Standard Class,ME-17320,31907,12
CA-2017-108441,12/6/20,Standard Class,SB-20170,10035,12
CA-2017-143861,12/6/20,Standard Class,LC-16885,33710,12
CA-2017-117821,12/6/20,Standard Class,HG-15025,43302,12
CA-2017-119424,12/6/20,Second Class,SB-20185,98031,12
CA-2017-124191,12/6/20,Second Class,TS-21610,60610,12
CA-2017-102337,6/13/20,First Class,SD-20485,60653,6
CA-2017-122056,6/13/20,Standard Class,PG-18895,22153,6
CA-2017-104850,6/13/20,Standard Class,TW-21025,98103,6
CA-2017-169901,6/15/20,Standard Class,CC-12550,94122,6
CA-2017-111178,6/15/20,Standard Class,TD-20995,62301,6
CA-2017-135167,6/15/20,Standard Class,SC-20800,90036,6
CA-2017-169691,6/15/20,First Class,Dp-13240,55369,6
CA-2017-118864,6/15/20,Second Class,KH-16690,90032,6
CA-2017-119284,6/15/20,Standard Class,TS-21205,37211,6
CA-2017-126914,6/15/20,Standard Class,JE-15715,28110,6
CA-2017-136826,6/16/20,Standard Class,CB-12535,27514,6
CA-2017-129462,6/16/20,Second Class,JE-15745,41042,6
CA-2017-105214,6/16/20,First Class,TS-21610,94122,6
CA-2017-155873,6/16/20,Standard Class,AB-10255,88220,6
US-2017-132206,6/16/20,Standard Class,MK-17905,60653,6
CA-2017-111269,6/16/20,Second Class,CS-12355,43017,6
CA-2017-157833,6/17/20,First Class,KD-16345,94122,6
CA-2017-118437,6/17/20,Second Class,PF-19165,98502,6
CA-2017-131618,6/17/20,First Class,LS-17200,60076,6
CA-2017-146346,6/17/20,First Class,RA-19945,80022,6
CA-2017-165323,6/17/20,Standard Class,SR-20740,10024,6
CA-2017-112753,6/18/20,Standard Class,CC-12670,90032,6
CA-2017-162712,6/18/20,Second Class,NK-18490,78415,6
CA-2017-140844,6/19/20,Standard Class,AR-10405,10035,6
CA-2017-141992,6/19/20,Standard Class,FO-14305,75220,6
US-2017-102288,6/19/20,Standard Class,ZC-21910,77095,6
CA-2017-128944,6/19/20,Second Class,KH-16330,43055,6
CA-2017-154011,6/19/20,Standard Class,DB-13270,75081,6
CA-2017-169999,6/19/20,Standard Class,JS-15685,10035,6
CA-2017-138870,6/19/20,Standard Class,GA-14515,94109,6
CA-2017-101434,6/20/20,Standard Class,TR-21325,7109,6
CA-2017-132934,6/20/20,Standard Class,JE-15475,10801,6
CA-2017-106852,6/20/20,Standard Class,ST-20530,44134,6
CA-2017-151218,6/20/20,First Class,PJ-19015,33180,6
US-2017-135986,6/20/20,Standard Class,PG-18895,23223,6
CA-2017-101049,6/21/20,Second Class,AS-10240,44105,6
CA-2017-124744,6/21/20,Standard Class,EH-14125,26003,6
US-2017-133781,6/22/20,First Class,DC-12850,33178,6
CA-2017-165757,6/22/20,Standard Class,PL-18925,19140,6
CA-2017-155936,6/22/20,Standard Class,JK-15730,60653,6
CA-2017-105823,6/22/20,Standard Class,RB-19465,48227,6
CA-2017-105074,6/24/20,Standard Class,MB-17305,44312,6
CA-2017-122105,6/24/20,Standard Class,CJ-12010,92646,6
CA-2017-100384,6/24/20,Standard Class,NH-18610,91767,6
CA-2017-136350,6/24/20,Second Class,GA-14515,10011,6
US-2017-151316,6/24/20,Standard Class,MC-17635,62521,6
CA-2017-159107,6/24/20,Second Class,KT-16480,94110,6
CA-2017-132955,6/24/20,Standard Class,SC-20575,2920,6
CA-2017-133648,6/25/20,Standard Class,ML-17755,97477,6
US-2017-124821,6/25/20,Second Class,AM-10705,98115,6
CA-2017-134796,6/25/20,Standard Class,FM-14380,60440,6
CA-2017-116127,6/25/20,Second Class,SB-20185,10024,6
CA-2017-115364,6/26/20,Standard Class,OT-18730,92105,6
CA-2017-133256,6/26/20,First Class,TH-21550,48227,6
CA-2017-157091,6/26/20,Standard Class,DB-13405,46350,6
CA-2017-138310,6/26/20,Standard Class,NP-18700,80219,6
CA-2017-163531,6/26/20,Standard Class,SC-20725,10024,6
CA-2017-161410,6/26/20,Standard Class,CC-12220,19143,6
CA-2017-148810,6/26/20,Standard Class,DR-12880,33180,6
CA-2017-100636,6/26/20,Standard Class,DO-13435,10035,6
CA-2017-107132,6/26/20,Standard Class,SC-20260,10009,6
CA-2017-123638,6/27/20,Standard Class,MA-17995,13601,6
CA-2017-151190,6/27/20,Standard Class,GT-14710,68104,6
CA-2017-116988,6/27/20,Second Class,PW-19030,98105,6
CA-2017-100650,6/29/20,Second Class,DK-13225,92804,6
CA-2017-147039,6/29/20,Standard Class,AA-10315,55407,6
CA-2017-137085,6/29/20,Standard Class,CT-11995,90004,6
US-2017-126081,6/29/20,Standard Class,FC-14335,75150,6
CA-2017-138149,6/29/20,First Class,WB-21850,90049,6
CA-2017-143574,6/29/20,First Class,DR-12880,6460,6
CA-2017-137449,6/29/20,First Class,ME-17725,75220,6
CA-2017-102946,6/30/20,Standard Class,VP-21730,89115,6
US-2017-102890,6/30/20,Same Day,SG-20470,10011,6
CA-2017-131695,6/30/20,Standard Class,RA-19285,10024,6
CA-2017-163006,6/30/20,Second Class,GH-14410,60653,6
CA-2017-125745,6/30/20,Standard Class,DV-13045,38109,6
CA-2017-109393,6/30/20,Second Class,JC-15775,90032,6
US-2017-113201,6/30/20,Standard Class,TT-21220,90045,6
CA-2017-164112,6/30/20,Standard Class,ND-18460,10550,6
US-2017-148362,1/7/20,Standard Class,KF-16285,46203,1
CA-2017-107958,2/7/20,First Class,AH-10120,77036,2
US-2017-126179,3/7/20,Standard Class,CS-12460,31907,3
CA-2017-124828,3/7/20,First Class,YS-21880,27217,3
CA-2017-111647,3/7/20,Standard Class,RD-19585,75023,3
CA-2017-121503,3/7/20,Second Class,FH-14275,77041,3
CA-2017-140053,3/7/20,Standard Class,CA-12265,87401,3
US-2017-111024,3/7/20,Second Class,SZ-20035,43130,3
CA-2017-168109,3/7/20,Same Day,JK-15640,98105,3
US-2017-129777,3/7/20,Standard Class,FM-14290,2169,3
CA-2017-169124,3/7/20,Standard Class,MB-17305,95610,3
CA-2017-139437,3/7/20,Standard Class,RD-19585,90004,3
US-2017-166233,3/7/20,Standard Class,MO-17950,28540,3
CA-2017-106747,3/7/20,First Class,TS-21505,3301,3
CA-2017-100223,5/7/20,Standard Class,LS-16945,75220,5
CA-2017-104388,5/7/20,First Class,DK-12835,68025,5
US-2017-124303,6/7/20,Standard Class,FH-14365,19120,6
US-2017-152492,6/7/20,Same Day,AH-10585,33142,6
US-2017-101784,6/7/20,Standard Class,PO-18850,90008,6
CA-2017-105053,7/7/20,Second Class,CS-12355,11561,7
CA-2017-155152,7/7/20,Second Class,MP-17965,2886,7
US-2017-169551,7/7/20,First Class,RL-19615,19120,7
CA-2017-106824,7/7/20,Standard Class,AT-10735,90049,7
CA-2017-134306,8/7/20,Standard Class,TD-20995,1852,8
CA-2017-133249,8/7/20,First Class,SZ-20035,90660,8
CA-2017-108560,8/7/20,Standard Class,JC-15385,98031,8
CA-2017-150189,8/7/20,First Class,VG-21790,94403,8
CA-2017-138464,8/7/20,Standard Class,VF-21715,98115,8
CA-2017-140480,8/7/20,Standard Class,HE-14800,19711,8
CA-2017-111759,8/7/20,Standard Class,MR-17545,98103,8
US-2017-100209,9/7/20,Standard Class,TD-20995,97206,9
CA-2017-115651,9/7/20,First Class,NS-18640,60610,9
CA-2017-132122,9/7/20,Standard Class,JH-15820,60610,9
CA-2017-145128,9/7/20,Standard Class,SM-20320,47905,9
CA-2017-121083,9/7/20,Standard Class,JF-15190,6040,9
CA-2017-128629,10/7/20,Second Class,BP-11155,31907,10
CA-2017-127460,10/7/20,Standard Class,FG-14260,60505,10
CA-2017-169012,10/7/20,Standard Class,BF-11275,31907,10
CA-2017-164959,11/7/20,Standard Class,KN-16390,90004,11
CA-2017-156818,11/7/20,Second Class,JD-16015,10009,11
CA-2017-127656,11/7/20,Standard Class,NW-18400,50701,11
CA-2017-162015,11/7/20,Standard Class,KB-16240,90049,11
CA-2017-136623,11/7/20,Standard Class,TS-21430,92105,11
CA-2017-106047,12/7/20,Standard Class,CS-11860,45014,12
CA-2017-136364,7/13/20,Second Class,MH-17455,19140,7
CA-2017-102155,7/13/20,Standard Class,RR-19525,66212,7
CA-2017-121048,7/14/20,Standard Class,TC-21295,92683,7
US-2017-161935,7/14/20,Standard Class,JL-15835,43229,7
CA-2017-166142,7/15/20,Standard Class,MM-17260,19805,7
CA-2017-164378,7/15/20,Second Class,MM-18055,10024,7
US-2017-128951,7/15/20,First Class,RS-19420,23434,7
US-2017-156909,7/16/20,Second Class,SF-20065,19140,7
CA-2017-109778,7/16/20,Standard Class,VM-21685,60098,7
US-2017-152842,7/16/20,Standard Class,NF-18385,28205,7
CA-2017-139948,7/17/20,Standard Class,SW-20455,33614,7
US-2017-105046,7/17/20,Standard Class,BE-11335,13440,7
CA-2017-126662,7/17/20,Standard Class,AB-10255,90036,7
CA-2017-142342,7/17/20,Second Class,AJ-10795,92307,7
US-2017-142573,7/18/20,Standard Class,ML-17410,85023,7
US-2017-165358,7/18/20,Standard Class,SV-20365,19134,7
CA-2017-118640,7/20/20,Standard Class,CS-11950,60610,7
CA-2017-122035,7/20/20,Standard Class,EM-13825,57103,7
CA-2017-150497,7/20/20,Standard Class,SM-20950,55369,7
US-2017-108343,7/20/20,Standard Class,AR-10825,10009,7
US-2017-127719,7/21/20,Standard Class,TW-21025,7060,7
US-2017-158505,7/21/20,Same Day,SF-20200,84107,7
US-2017-160465,7/21/20,Standard Class,SW-20350,44105,7
CA-2017-104731,7/21/20,Standard Class,AM-10705,24153,7
CA-2017-145429,7/21/20,Standard Class,SW-20455,92024,7
US-2017-123204,7/21/20,Standard Class,CS-11860,10024,7
CA-2017-118724,7/21/20,Second Class,AR-10825,94521,7
US-2017-123834,7/21/20,Standard Class,GM-14500,78577,7
CA-2017-103478,7/21/20,Second Class,KL-16555,60505,7
CA-2017-145093,7/21/20,Standard Class,PT-19090,60623,7
CA-2017-109750,7/22/20,Standard Class,FH-14365,10009,7
US-2017-106551,7/22/20,Standard Class,EB-13930,60653,7
CA-2017-117240,7/23/20,Standard Class,CP-12340,10009,7
US-2017-169320,7/23/20,Second Class,LH-16900,46514,7
CA-2017-103506,7/23/20,Standard Class,LR-17035,11561,7
CA-2017-125367,7/23/20,Standard Class,NM-18445,10011,7
US-2017-101721,7/23/20,Standard Class,MY-17380,60623,7
CA-2017-118346,7/23/20,First Class,PO-19180,53142,7
CA-2017-133718,7/23/20,First Class,TB-21520,90045,7
CA-2017-110940,7/23/20,Standard Class,AZ-10750,60090,7
US-2017-135013,7/24/20,Same Day,HR-14830,92646,7
CA-2017-169810,7/25/20,Standard Class,RB-19360,57103,7
CA-2017-125640,7/25/20,Standard Class,DD-13570,19134,7
CA-2017-121293,7/25/20,Second Class,JC-15775,19143,7
CA-2017-167549,7/25/20,First Class,EM-14200,75217,7
US-2017-167318,7/26/20,Standard Class,GZ-14545,90036,7
CA-2017-123239,7/27/20,Second Class,MG-18145,32216,7
CA-2017-108791,7/27/20,Standard Class,TM-21490,10701,7
CA-2017-133046,7/27/20,Second Class,DK-13375,98115,7
CA-2017-107209,7/27/20,Second Class,JW-15955,27604,7
CA-2017-130841,7/28/20,Standard Class,MH-17620,94110,7
CA-2017-101483,7/29/20,Second Class,AG-10675,28540,7
US-2017-113852,7/29/20,Standard Class,GW-14605,98115,7
CA-2017-130771,7/29/20,Standard Class,LA-16780,78745,7
CA-2017-146031,7/29/20,Second Class,GM-14440,12180,7
US-2017-130953,7/29/20,Standard Class,RF-19735,73120,7
US-2017-115301,7/29/20,Standard Class,VG-21790,98103,7
CA-2017-167913,7/30/20,Second Class,JL-15835,92691,7
CA-2017-155740,7/30/20,First Class,TC-21475,44107,7
CA-2017-141103,7/30/20,Standard Class,JF-15355,21215,7
CA-2017-121909,7/31/20,Standard Class,EA-14035,19134,7
CA-2017-125752,7/31/20,Standard Class,EH-14125,33311,7
CA-2017-115805,7/31/20,Same Day,KW-16435,60653,7
CA-2017-161102,7/31/20,First Class,EC-14050,94110,7
US-2017-165869,7/31/20,Standard Class,LS-17200,53209,7
CA-2017-126144,7/31/20,Standard Class,GM-14680,19134,7
CA-2017-147032,7/31/20,Standard Class,LB-16795,19805,7
CA-2017-135034,1/8/20,First Class,AT-10735,60653,1
CA-2017-133235,1/8/20,First Class,LH-16750,28205,1
CA-2017-162691,1/8/20,Standard Class,AS-10045,78745,1
CA-2017-124576,1/8/20,Second Class,HK-14890,93905,1
CA-2017-168942,1/8/20,Second Class,EM-13960,94109,1
CA-2017-165386,3/8/20,First Class,CM-12190,60623,3
CA-2017-168396,3/8/20,Second Class,BD-11725,94122,3
US-2017-143175,3/8/20,Second Class,GA-14515,90004,3
CA-2017-140781,3/8/20,Standard Class,AB-10105,61701,3
CA-2017-141747,3/8/20,Second Class,SC-20230,98105,3
CA-2017-163566,3/8/20,First Class,TB-21055,45014,3
CA-2017-132738,4/8/20,First Class,HM-14860,80538,4
CA-2017-146367,4/8/20,Standard Class,HM-14860,75007,4
CA-2017-117695,5/8/20,First Class,PW-19030,40475,5
CA-2017-154676,5/8/20,First Class,NZ-18565,77070,5
CA-2017-128328,5/8/20,Standard Class,PO-18865,46203,5
CA-2017-161200,6/8/20,Second Class,SV-20365,70506,6
CA-2017-136609,6/8/20,Standard Class,TB-21355,75104,6
CA-2017-151981,6/8/20,Standard Class,GM-14455,3301,6
CA-2017-168172,6/8/20,Standard Class,SH-20395,10011,6
CA-2017-163321,7/8/20,Second Class,FM-14380,28540,7
CA-2017-117023,7/8/20,Standard Class,JW-15955,11561,7
US-2017-155999,7/8/20,Standard Class,JK-15370,92105,7
CA-2017-158344,7/8/20,Standard Class,CC-12475,56560,7
CA-2017-115175,7/8/20,Standard Class,MC-17575,95123,7
CA-2017-110821,7/8/20,First Class,CK-12205,75081,7
CA-2017-156776,7/8/20,Standard Class,JL-15505,92683,7
CA-2017-143063,10/8/20,Standard Class,IL-15100,47201,10
CA-2017-145443,10/8/20,Second Class,SC-20695,47374,10
CA-2017-139311,11/8/20,First Class,SF-20965,76021,11
CA-2017-160899,11/8/20,Second Class,DR-12940,70601,11
CA-2017-100433,11/8/20,Standard Class,SJ-20125,10009,11
CA-2017-106537,12/8/20,Standard Class,RH-19495,32839,12
CA-2017-158169,12/8/20,First Class,JM-16195,92630,12
US-2017-118941,12/8/20,Same Day,BB-11545,21044,12
CA-2017-152310,12/8/20,Standard Class,DK-12895,98103,12
US-2017-103828,8/13/20,Same Day,JK-15370,94122,8
CA-2017-167542,8/13/20,Standard Class,KD-16495,19120,8
CA-2017-100580,8/13/20,Standard Class,MK-17905,92037,8
CA-2017-128363,8/13/20,Standard Class,DC-12850,38109,8
CA-2017-169264,8/14/20,Second Class,NP-18700,94109,8
CA-2017-105921,8/14/20,Standard Class,JM-15250,90032,8
CA-2017-138548,8/15/20,Standard Class,JG-15160,7060,8
US-2017-117723,8/15/20,Second Class,DL-13495,19120,8
CA-2017-144883,8/15/20,Standard Class,BO-11350,55113,8
CA-2017-122987,8/16/20,Same Day,SJ-20215,38401,8
US-2017-111423,8/17/20,First Class,EH-13765,13601,8
CA-2017-151211,8/17/20,Standard Class,AH-10120,40214,8
CA-2017-133102,8/17/20,Standard Class,ED-13885,77095,8
CA-2017-118892,8/17/20,Second Class,TP-21415,19134,8
CA-2017-166093,8/17/20,Standard Class,RW-19540,94513,8
CA-2017-117947,8/18/20,Second Class,NG-18355,10011,8
CA-2017-112809,8/18/20,Standard Class,RA-19915,75220,8
CA-2017-151358,8/18/20,Standard Class,NF-18595,98105,8
CA-2017-121027,8/18/20,Standard Class,HW-14935,98105,8
CA-2017-119809,8/18/20,Standard Class,YS-21880,98103,8
CA-2017-163069,8/18/20,Second Class,PJ-19015,43229,8
CA-2017-122028,8/18/20,Standard Class,CK-12205,44107,8
CA-2017-162936,8/18/20,Standard Class,CM-12160,2740,8
CA-2017-132339,8/19/20,Standard Class,JB-15400,1841,8
CA-2017-101728,8/19/20,Standard Class,SC-20575,60653,8
CA-2017-115777,8/19/20,Standard Class,DO-13645,1841,8
US-2017-100398,8/19/20,Standard Class,DO-13435,84106,8
US-2017-111241,8/20/20,Second Class,GM-14500,93727,8
CA-2017-137344,8/20/20,Same Day,EM-13810,2038,8
CA-2017-119011,8/20/20,Standard Class,LR-17035,94109,8
CA-2017-105326,8/20/20,Standard Class,KT-16480,90036,8
US-2017-114356,8/20/20,Standard Class,TT-21460,28205,8
CA-2017-155705,8/21/20,Second Class,NF-18385,39212,8
CA-2017-126956,8/21/20,Standard Class,GT-14710,55044,8
US-2017-109253,8/21/20,First Class,PR-18880,94601,8
CA-2017-112956,8/21/20,Standard Class,TH-21550,21044,8
CA-2017-144750,8/21/20,Same Day,DL-13495,85224,8
CA-2017-121489,8/21/20,Second Class,CM-11815,98115,8
US-2017-102183,8/21/20,Standard Class,PK-19075,10035,8
CA-2017-117646,8/21/20,Standard Class,SC-20845,80027,8
CA-2017-131037,8/22/20,First Class,TM-21490,94110,8
US-2017-132381,8/22/20,First Class,Dp-13240,19143,8
CA-2017-129021,8/23/20,Second Class,PO-18850,32303,8
CA-2017-123043,8/24/20,Standard Class,AH-10195,10024,8
CA-2017-139717,8/24/20,Second Class,DM-13015,43130,8
CA-2017-114636,8/25/20,Standard Class,GA-14725,28205,8
CA-2017-101210,8/25/20,Second Class,DW-13540,38301,8
US-2017-105697,8/25/20,First Class,JE-15715,44105,8
CA-2017-159793,8/25/20,Standard Class,SV-20365,19140,8
CA-2017-128475,8/26/20,Standard Class,SC-20680,31907,8
CA-2017-157350,8/26/20,Standard Class,DP-13000,60610,8
CA-2017-132584,8/26/20,First Class,HJ-14875,48234,8
US-2017-134481,8/27/20,Standard Class,AR-10405,2038,8
US-2017-139465,8/27/20,First Class,MR-17545,10024,8
CA-2017-155047,8/27/20,First Class,SE-20110,75220,8
US-2017-162208,8/27/20,First Class,SP-20620,33614,8
CA-2017-161956,8/27/20,Second Class,DR-12880,90301,8
CA-2017-133501,8/27/20,Standard Class,DK-12895,37064,8
CA-2017-101273,8/27/20,Second Class,ST-20530,34952,8
CA-2017-130036,8/27/20,Same Day,BP-11185,19120,8
CA-2017-163097,8/27/20,Standard Class,SF-20200,85204,8
CA-2017-126067,8/28/20,Standard Class,KN-16705,98105,8
CA-2017-146920,8/28/20,Standard Class,SC-20305,60623,8
US-2017-169502,8/28/20,Standard Class,MG-17650,53209,8
CA-2017-144064,8/29/20,First Class,CP-12085,62301,8
CA-2017-104024,8/29/20,Second Class,MD-17860,19134,8
CA-2017-101014,8/29/20,Standard Class,RW-19540,90049,8
CA-2017-159884,8/31/20,Standard Class,JF-15490,85281,8
US-2017-135062,8/31/20,Second Class,RL-19615,28314,8
CA-2017-133004,8/31/20,Standard Class,AJ-10945,46226,8
CA-2017-107321,8/31/20,Standard Class,AW-10930,94110,8
CA-2017-117198,8/31/20,Standard Class,BG-11035,71203,8
CA-2017-154074,8/31/20,Second Class,BW-11110,99207,8
CA-2017-127712,8/31/20,Standard Class,MG-17890,97301,8
CA-2017-132619,8/31/20,Standard Class,MS-17770,94109,8
CA-2017-131625,1/9/20,Second Class,BN-11515,10009,1
CA-2017-107909,1/9/20,Standard Class,SS-20875,98052,1
US-2017-135230,1/9/20,Standard Class,CK-12325,98103,1
CA-2017-145653,1/9/20,Same Day,CA-12775,48205,1
CA-2017-128041,1/9/20,Same Day,RW-19540,98103,1
CA-2017-114552,2/9/20,Standard Class,Dl-13600,44105,2
CA-2017-137596,2/9/20,Standard Class,BE-11335,49201,2
CA-2017-114216,2/9/20,Standard Class,RK-19300,19140,2
CA-2017-110380,2/9/20,Standard Class,PF-19225,94122,2
CA-2017-157987,2/9/20,Standard Class,AC-10615,10009,2
CA-2017-123001,2/9/20,Standard Class,AW-10840,93309,2
CA-2017-145037,2/9/20,Second Class,TB-21055,6450,2
CA-2017-111220,2/9/20,Standard Class,JS-15595,60653,2
CA-2017-113075,2/9/20,Standard Class,MC-18100,60623,2
US-2017-163657,2/9/20,Standard Class,JL-15235,90049,2
CA-2017-111388,2/9/20,Same Day,SU-20665,98103,2
CA-2017-146983,2/9/20,Standard Class,AH-10210,42420,2
CA-2017-102218,2/9/20,Second Class,LW-17215,80525,2
CA-2017-169327,2/9/20,Second Class,MH-17290,90008,2
US-2017-122637,3/9/20,Second Class,EP-13915,60653,3
CA-2017-146136,3/9/20,Standard Class,AP-10915,32137,3
CA-2017-161823,3/9/20,Standard Class,AG-10300,94122,3
CA-2017-123022,3/9/20,Standard Class,SC-20050,91941,3
CA-2017-161067,3/9/20,Second Class,KB-16405,10035,3
US-2017-153255,3/9/20,Second Class,JK-15730,94521,3
CA-2017-161557,3/9/20,Standard Class,AG-10900,75217,3
CA-2017-167626,3/9/20,Standard Class,MY-18295,60623,3
CA-2017-152485,4/9/20,Standard Class,JD-15790,75019,4
CA-2017-120761,4/9/20,Standard Class,AB-10150,11561,4
CA-2017-102750,4/9/20,Second Class,GM-14695,90036,4
CA-2017-101182,4/9/20,First Class,KB-16405,92307,4
CA-2017-140326,4/9/20,First Class,HW-14935,60653,4
CA-2017-109757,4/9/20,Second Class,MD-17350,44312,4
CA-2017-141929,4/9/20,Standard Class,RA-19285,90004,4
CA-2017-117394,4/9/20,Standard Class,MM-17920,19120,4
CA-2017-117261,4/9/20,Standard Class,TH-21235,90032,4
CA-2017-116680,4/9/20,Second Class,PK-19075,94122,4
US-2017-166394,4/9/20,Second Class,VM-21835,3060,4
CA-2017-147410,4/9/20,Standard Class,EJ-14155,92704,4
US-2017-117450,4/9/20,Standard Class,DO-13645,33437,4
CA-2017-100783,4/9/20,Second Class,JK-16120,75043,4
CA-2017-137582,4/9/20,Standard Class,CV-12805,94601,4
US-2017-147655,4/9/20,First Class,AS-10045,97756,4
CA-2017-107293,5/9/20,First Class,CS-12400,98115,5
CA-2017-120705,5/9/20,Standard Class,MG-17875,33311,5
CA-2017-102736,5/9/20,Standard Class,LP-17095,37918,5
US-2017-129441,7/9/20,Standard Class,JC-15340,90032,7
CA-2017-124401,7/9/20,Standard Class,RD-19900,97206,7
CA-2017-148929,7/9/20,Standard Class,SP-20620,10011,7
CA-2017-100335,7/9/20,Standard Class,NF-18595,60610,7
CA-2017-103877,7/9/20,Standard Class,RD-19660,64055,7
CA-2017-163692,7/9/20,First Class,Dp-13240,85023,7
CA-2017-100160,7/9/20,Standard Class,CB-12025,19134,7
US-2017-104094,7/9/20,Standard Class,AG-10675,53209,7
CA-2017-151008,7/9/20,First Class,JM-16195,84020,7
CA-2017-107244,7/9/20,Standard Class,AG-10390,90004,7
CA-2017-128783,7/9/20,Same Day,TG-21640,63301,7
US-2017-150070,7/9/20,Standard Class,JA-15970,95351,7
CA-2017-128769,7/9/20,Standard Class,DM-12955,37211,7
US-2017-130687,7/9/20,First Class,PF-19225,98026,7
US-2017-169488,7/9/20,First Class,AA-10375,2908,7
US-2017-124968,8/9/20,Second Class,MM-18055,60610,8
CA-2017-149895,8/9/20,Standard Class,EB-14110,19134,8
CA-2017-158036,8/9/20,Standard Class,DB-13555,43017,8
CA-2017-152856,8/9/20,Second Class,RS-19765,43302,8
CA-2017-126396,8/9/20,Second Class,AR-10345,77070,8
US-2017-124779,8/9/20,First Class,BF-11020,76017,8
CA-2017-144456,8/9/20,First Class,FC-14245,33012,8
CA-2017-132437,8/9/20,Second Class,EM-14095,10024,8
US-2017-118087,9/9/20,Standard Class,SP-20620,19134,9
CA-2017-147361,9/9/20,Standard Class,SB-20290,29501,9
CA-2017-147228,9/9/20,Standard Class,SO-20335,38401,9
US-2017-159562,9/9/20,Standard Class,JB-16000,48066,9
CA-2017-155929,9/9/20,Standard Class,AI-10855,85301,9
CA-2017-137498,9/9/20,Second Class,LC-17050,90004,9
CA-2017-100825,9/9/20,Standard Class,KD-16495,90036,9
CA-2017-139444,9/9/20,Standard Class,GK-14620,75023,9
CA-2017-169439,9/9/20,Standard Class,LC-17140,44105,9
US-2017-146213,9/9/20,Standard Class,MC-17605,90032,9
CA-2017-168403,9/9/20,Standard Class,DK-12835,97206,9
CA-2017-152198,9/9/20,First Class,JD-16015,43615,9
CA-2017-120999,10/9/20,Standard Class,LC-16930,60540,10
CA-2017-128370,10/9/20,Same Day,FH-14275,90004,10
CA-2017-110905,10/9/20,Second Class,RW-19690,65807,10
CA-2017-152093,10/9/20,Standard Class,SN-20560,60653,10
CA-2017-122280,10/9/20,Same Day,SH-20395,10024,10
CA-2017-126438,10/9/20,First Class,AR-10345,1841,10
CA-2017-147403,10/9/20,First Class,KH-16630,44312,10
CA-2017-159954,10/9/20,Standard Class,SS-20410,30318,10
CA-2017-123036,10/9/20,Standard Class,HA-14905,45503,10
CA-2017-112774,11/9/20,First Class,RC-19960,32216,11
CA-2017-124898,11/9/20,Standard Class,DB-12910,31907,11
CA-2017-149559,11/9/20,Same Day,KF-16285,90805,11
CA-2017-117044,11/9/20,Second Class,HA-14920,60623,11
CA-2017-144484,11/9/20,Same Day,CB-12025,94110,11
US-2017-142188,11/9/20,Same Day,JF-15415,98105,11
US-2017-160836,11/9/20,Standard Class,CC-12475,77070,11
CA-2017-166898,11/9/20,Second Class,KH-16630,92704,11
US-2017-152898,11/9/20,Standard Class,CB-12025,23223,11
CA-2017-127726,11/9/20,Second Class,SS-20410,40324,11
CA-2017-103611,12/9/20,First Class,JM-15535,90036,12
CA-2017-140676,12/9/20,First Class,BF-11080,21215,12
CA-2017-108749,12/9/20,First Class,DJ-13510,2895,12
US-2017-109582,12/9/20,Second Class,JM-15865,90036,12
CA-2017-139493,9/13/20,Standard Class,SG-20605,28806,9
CA-2017-114440,9/14/20,Second Class,TB-21520,49201,9
CA-2017-147725,9/14/20,Same Day,LT-17110,7050,9
US-2017-157224,9/14/20,Second Class,JB-16000,90045,9
CA-2017-156237,9/14/20,First Class,PS-18760,19140,9
CA-2017-115882,9/14/20,First Class,DB-13555,27604,9
CA-2017-152975,9/14/20,First Class,RB-19705,10035,9
CA-2017-108931,9/14/20,Standard Class,HZ-14950,10024,9
CA-2017-130302,9/14/20,Standard Class,CY-12745,45503,9
CA-2017-130043,9/15/20,Standard Class,BB-11545,77070,9
CA-2017-163020,9/15/20,Standard Class,MO-17800,10009,9
CA-2017-132353,9/15/20,First Class,DB-13060,60653,9
CA-2017-121888,9/15/20,Second Class,CL-11890,2149,9
US-2017-163300,9/15/20,Standard Class,ES-14020,90049,9
CA-2017-145737,9/15/20,Standard Class,AB-10165,37087,9
US-2017-116652,9/15/20,Standard Class,RD-19480,94122,9
CA-2017-124205,9/15/20,Standard Class,TC-21145,8701,9
CA-2017-146185,9/15/20,Standard Class,CC-12145,77095,9
CA-2017-134418,9/15/20,Standard Class,GM-14500,98103,9
CA-2017-139822,9/15/20,Standard Class,Dp-13240,6708,9
CA-2017-165008,9/15/20,Second Class,DO-13645,84106,9
CA-2017-127096,9/15/20,Second Class,CS-12400,94109,9
CA-2017-118136,9/16/20,First Class,BB-10990,90301,9
CA-2017-144113,9/16/20,Standard Class,JF-15355,78745,9
CA-2017-134173,9/16/20,Standard Class,AB-10060,19143,9
CA-2017-136448,9/16/20,First Class,AS-10090,19143,9
CA-2017-112984,9/16/20,Second Class,EH-14185,19143,9
CA-2017-130715,9/16/20,Standard Class,CY-12745,94110,9
CA-2017-141446,9/16/20,Second Class,CL-12700,41042,9
CA-2017-137470,9/17/20,Same Day,TP-21415,98115,9
CA-2017-157931,9/17/20,Second Class,MO-17800,30076,9
CA-2017-112515,9/17/20,Second Class,AS-10225,84604,9
CA-2017-105669,9/17/20,Second Class,SJ-20125,77036,9
CA-2017-126928,9/17/20,Standard Class,GZ-14470,7960,9
CA-2017-142293,9/17/20,First Class,SC-20380,83704,9
CA-2017-106180,9/18/20,Standard Class,SH-19975,94122,9
CA-2017-133333,9/18/20,Standard Class,BF-11020,54302,9
CA-2017-131016,9/18/20,First Class,DC-12850,76017,9
CA-2017-148068,9/18/20,Standard Class,MM-18280,10035,9
CA-2017-134439,9/18/20,Second Class,TM-21010,68801,9
CA-2017-166856,9/18/20,Standard Class,TS-21505,88101,9
CA-2017-164756,9/18/20,Standard Class,SS-20140,31907,9
CA-2017-140508,9/18/20,First Class,PA-19060,75220,9
CA-2017-139619,9/19/20,Standard Class,ES-14080,32935,9
CA-2017-143378,9/19/20,Standard Class,JR-16210,97477,9
US-2017-148866,9/19/20,Standard Class,JM-15535,10011,9
CA-2017-102974,9/19/20,Standard Class,DP-13105,90032,9
CA-2017-139787,9/19/20,Standard Class,JP-16135,31907,9
CA-2017-153822,9/19/20,Standard Class,AB-10105,85023,9
CA-2017-160801,9/19/20,Same Day,FG-14260,19120,9
CA-2017-100111,9/20/20,Standard Class,SV-20365,10035,9
CA-2017-151428,9/21/20,Standard Class,RH-19495,55901,9
CA-2017-123351,9/21/20,Standard Class,KT-16480,31907,9
CA-2017-169817,9/21/20,Standard Class,EB-13870,19143,9
CA-2017-132262,9/21/20,First Class,ML-18265,98103,9
US-2017-146878,9/21/20,Standard Class,DL-12865,33142,9
CA-2017-165155,9/21/20,First Class,BM-11575,90045,9
CA-2017-133074,9/21/20,Standard Class,DB-13615,94109,9
CA-2017-166317,9/22/20,Standard Class,JE-15610,53209,9
CA-2017-158379,9/22/20,Second Class,JA-15970,19134,9
CA-2017-167381,9/22/20,Second Class,EH-14005,48911,9
US-2017-108245,9/22/20,Standard Class,SH-19975,77581,9
CA-2017-161053,9/22/20,First Class,JE-15745,72701,9
US-2017-103226,9/22/20,Standard Class,DW-13195,87105,9
CA-2017-122196,9/22/20,First Class,CA-12265,19805,9
CA-2017-102967,9/22/20,Standard Class,MG-17890,3301,9
CA-2017-136000,9/22/20,Second Class,SC-20440,10009,9
CA-2017-161970,9/22/20,Standard Class,PB-19105,30080,9
CA-2017-117009,9/22/20,Standard Class,BK-11260,92704,9
CA-2017-162789,9/22/20,Second Class,LC-17140,10035,9
CA-2017-132521,9/23/20,Second Class,DW-13540,98105,9
CA-2017-121412,9/23/20,Standard Class,BG-11695,80027,9
CA-2017-117485,9/23/20,Standard Class,BD-11320,74133,9
CA-2017-138422,9/23/20,First Class,KN-16705,80525,9
US-2017-132059,9/23/20,Standard Class,AP-10915,80525,9
CA-2017-123778,9/23/20,Standard Class,BS-11755,94122,9
CA-2017-121314,9/23/20,First Class,BE-11410,33178,9
US-2017-125647,9/23/20,Standard Class,LC-16870,60653,9
CA-2017-102309,9/23/20,Second Class,DO-13645,71603,9
CA-2017-121853,9/23/20,Standard Class,DB-13660,90036,9
CA-2017-103520,9/23/20,First Class,MH-17785,79424,9
CA-2017-144694,9/24/20,Second Class,BD-11605,33180,9
CA-2017-108910,9/24/20,Standard Class,KC-16540,43055,9
CA-2017-142034,9/24/20,Standard Class,KB-16240,56301,9
CA-2017-121839,9/24/20,Standard Class,MH-18115,43130,9
CA-2017-163335,9/24/20,First Class,AG-10675,31907,9
CA-2017-160325,9/24/20,Same Day,BP-11095,1841,9
CA-2017-122364,9/24/20,Standard Class,FA-14230,90008,9
CA-2017-134096,9/24/20,Standard Class,PP-18955,33021,9
CA-2017-142391,9/24/20,Same Day,PB-19150,98115,9
US-2017-132675,9/24/20,Standard Class,KF-16285,30328,9
CA-2017-148411,9/24/20,First Class,RO-19780,60623,9
CA-2017-130148,9/24/20,Second Class,NK-18490,94110,9
CA-2017-144904,9/25/20,Standard Class,KW-16435,10009,9
CA-2017-162481,9/25/20,Standard Class,CT-11995,55901,9
CA-2017-162572,9/25/20,Second Class,RB-19360,45231,9
CA-2017-169929,9/25/20,First Class,LS-17200,59601,9
CA-2017-116939,9/25/20,Standard Class,AG-10900,23223,9
CA-2017-112004,9/25/20,First Class,AH-10075,19013,9
CA-2017-122112,9/25/20,Standard Class,CA-11965,44107,9
CA-2017-129490,9/26/20,Standard Class,SJ-20125,33023,9
US-2017-106145,9/26/20,Same Day,RA-19885,94109,9
CA-2017-156391,9/26/20,First Class,SL-20155,97301,9
US-2017-139955,9/28/20,Second Class,CM-12160,78521,9
US-2017-125717,9/28/20,First Class,DS-13030,80013,9
CA-2017-101574,9/28/20,Standard Class,BD-11725,90032,9
CA-2017-160017,9/28/20,Standard Class,SP-20860,32216,9
CA-2017-152205,9/28/20,Standard Class,SF-20965,19134,9
CA-2017-100314,9/29/20,Standard Class,AS-10630,77506,9
CA-2017-121300,9/29/20,Same Day,MG-17680,44060,9
CA-2017-118402,9/29/20,Standard Class,JO-15280,38109,9
CA-2017-128335,9/29/20,Standard Class,JA-15970,10550,9
CA-2017-140186,9/29/20,First Class,PG-18820,93309,9
CA-2017-148138,9/29/20,Standard Class,ME-18010,43302,9
US-2017-141509,9/29/20,First Class,SC-20575,90036,9
CA-2017-126676,9/29/20,First Class,FH-14365,11550,9
CA-2017-137918,9/29/20,Standard Class,JK-15730,95240,9
CA-2017-147452,9/30/20,First Class,CS-11845,98103,9
CA-2017-144225,9/30/20,Second Class,CC-12475,21215,9
CA-2017-123029,9/30/20,Second Class,BT-11530,90049,9
US-2017-120908,9/30/20,First Class,BF-10975,19120,9
US-2017-130603,9/30/20,Standard Class,SC-20050,76017,9
CA-2017-152275,1/10/20,Standard Class,KH-16630,78207,1
CA-2017-156951,1/10/20,Standard Class,EB-13840,98105,1
CA-2017-129378,1/10/20,First Class,NS-18505,95123,1
CA-2017-113418,1/10/20,First Class,CM-12655,10035,1
CA-2017-117807,1/10/20,Standard Class,DK-13090,68025,1
US-2017-139577,1/10/20,Standard Class,TN-21040,94110,1
CA-2017-126074,2/10/20,Standard Class,RF-19735,48183,2
CA-2017-147564,2/10/20,Standard Class,BP-11155,10011,2
CA-2017-123981,2/10/20,Standard Class,RW-19630,10035,2
CA-2017-101308,2/10/20,Standard Class,FG-14260,98105,2
CA-2017-105914,2/10/20,Standard Class,PV-18985,90036,2
US-2017-162558,2/10/20,First Class,Dp-13240,37918,2
CA-2017-116113,2/10/20,Second Class,JW-15220,36116,2
CA-2017-141117,2/10/20,Standard Class,JK-16090,97477,2
CA-2017-137414,2/10/20,Standard Class,CM-12115,94109,2
CA-2017-152926,2/10/20,Second Class,SC-20695,77041,2
CA-2017-141789,3/10/20,First Class,AC-10450,55407,3
CA-2017-134607,3/10/20,Second Class,HL-15040,14609,3
CA-2017-101749,3/10/20,Standard Class,AS-10045,91104,3
CA-2017-149853,3/10/20,Standard Class,PO-18850,33012,3
CA-2017-143035,3/10/20,Second Class,CC-12430,10009,3
CA-2017-144820,3/10/20,Second Class,LW-16825,77506,3
CA-2017-163818,4/10/20,Standard Class,PS-18970,20735,4
US-2017-103247,5/10/20,Second Class,PO-19195,10011,5
CA-2017-167661,5/10/20,Standard Class,MP-18175,94110,5
CA-2017-143112,5/10/20,Standard Class,TS-21370,10035,5
CA-2017-157672,5/10/20,First Class,RB-19795,80219,5
CA-2017-131807,5/10/20,Standard Class,GG-14650,95928,5
US-2017-148054,6/10/20,Standard Class,NZ-18565,83642,6
US-2017-136868,6/10/20,Standard Class,CR-12820,10035,6
CA-2017-109099,6/10/20,Standard Class,MM-18280,10009,6
CA-2017-118577,6/10/20,Standard Class,XP-21865,7109,6
CA-2017-146269,6/10/20,Same Day,MH-17455,60623,6
CA-2017-137421,6/10/20,Standard Class,AJ-10945,85224,6
CA-2017-104003,7/10/20,Standard Class,DC-13285,94110,7
CA-2017-108574,7/10/20,Standard Class,MG-18145,90045,7
CA-2017-148404,7/10/20,Standard Class,Dp-13240,28205,7
CA-2017-128426,7/10/20,Standard Class,JK-15730,77036,7
CA-2017-152709,7/10/20,Standard Class,DB-13210,48234,7
CA-2017-105487,8/10/20,Standard Class,CS-12250,92105,8
CA-2017-151596,8/10/20,First Class,BP-11050,2920,8
US-2017-168613,8/10/20,Standard Class,GM-14440,10009,8
CA-2017-162635,9/10/20,First Class,EB-14170,28403,9
US-2017-117247,9/10/20,Standard Class,CK-12760,60505,9
CA-2017-132430,9/10/20,First Class,CP-12085,44107,9
CA-2017-141873,9/10/20,Standard Class,HG-14845,10024,9
CA-2017-163125,9/10/20,Second Class,MB-17305,77573,9
US-2017-115595,9/10/20,First Class,XP-21865,90032,9
CA-2017-111717,10/10/20,Standard Class,SW-20245,60505,10
CA-2017-152702,12/10/20,Standard Class,SN-20710,61107,12
CA-2017-149146,12/10/20,Same Day,SM-20320,28110,12
CA-2017-168655,12/10/20,Standard Class,ML-18040,87105,12
CA-2017-126536,12/10/20,First Class,NK-18490,94110,12
CA-2017-112431,12/10/20,Second Class,RW-19690,90049,12
CA-2017-169362,12/10/20,First Class,SP-20860,75217,12
CA-2017-150091,12/10/20,Standard Class,NP-18670,8701,12
CA-2017-152933,12/10/20,Standard Class,MG-17650,75081,12
CA-2017-130505,12/10/20,Same Day,NF-18385,26003,12
CA-2017-169607,12/10/20,First Class,CA-12265,10024,12
CA-2017-132976,10/13/20,Standard Class,AG-10495,19140,10
CA-2017-116519,10/13/20,First Class,CR-12730,10009,10
CA-2017-163160,10/13/20,First Class,TS-21610,61032,10
CA-2017-135909,10/13/20,Standard Class,JW-15220,95823,10
US-2017-148831,10/13/20,First Class,AH-10210,40214,10
CA-2017-103212,10/13/20,First Class,MH-18025,70506,10
CA-2017-150707,10/14/20,Standard Class,EL-13735,21044,10
CA-2017-168837,10/14/20,First Class,JW-15955,94601,10
CA-2017-126123,10/14/20,Standard Class,AG-10765,60623,10
CA-2017-151183,10/14/20,Standard Class,BK-11260,94110,10
CA-2017-106033,10/15/20,Second Class,FG-14260,94110,10
CA-2017-113670,10/15/20,First Class,RS-19765,90045,10
CA-2017-164819,10/15/20,Second Class,RS-19420,6824,10
CA-2017-142643,10/15/20,Standard Class,DL-13495,91360,10
CA-2017-154949,10/15/20,Standard Class,MC-17275,93010,10
CA-2017-100237,10/15/20,Standard Class,SV-20815,84057,10
CA-2017-158386,10/16/20,Standard Class,BO-11425,40475,10
CA-2017-132234,10/16/20,First Class,MY-17380,10011,10
CA-2017-111577,10/16/20,Standard Class,AJ-10780,85254,10
CA-2017-159282,10/16/20,Standard Class,GH-14410,85364,10
CA-2017-159100,10/16/20,Standard Class,VP-21760,38401,10
CA-2017-165603,10/17/20,Second Class,SS-20140,2886,10
CA-2017-123246,10/17/20,Second Class,AJ-10960,92037,10
CA-2017-114804,10/17/20,Second Class,BF-11020,95351,10
CA-2017-107727,10/19/20,Second Class,MA-17560,77095,10
CA-2017-125388,10/19/20,Standard Class,MP-17965,1841,10
CA-2017-125199,10/19/20,Standard Class,HM-14860,19120,10
CA-2017-159457,10/19/20,Standard Class,RD-19480,77095,10
US-2017-120390,10/19/20,Standard Class,TH-21550,27217,10
CA-2017-131492,10/19/20,Second Class,HH-15010,94110,10
CA-2017-117653,10/19/20,Standard Class,MO-17500,60623,10
CA-2017-106432,10/19/20,Standard Class,CA-12265,76706,10
CA-2017-125990,10/19/20,Standard Class,JS-16030,94122,10
CA-2017-147277,10/20/20,Standard Class,EB-13705,44312,10
CA-2017-158743,10/20/20,Standard Class,IG-15085,72209,10
US-2017-146416,10/20/20,Second Class,JE-16165,95695,10
CA-2017-158722,10/20/20,Standard Class,MA-17560,19120,10
CA-2017-104822,10/20/20,Same Day,RB-19465,10024,10
CA-2017-103065,10/20/20,Same Day,PT-19090,32216,10
US-2017-115252,10/20/20,Standard Class,MY-18295,27707,10
CA-2017-113558,10/21/20,Standard Class,PH-18790,33801,10
CA-2017-145884,10/21/20,Same Day,SL-20155,74403,10
CA-2017-167094,10/21/20,First Class,DK-12835,97477,10
CA-2017-154410,10/21/20,First Class,MD-17860,46203,10
CA-2017-148166,10/21/20,Standard Class,NK-18490,32725,10
CA-2017-100356,10/21/20,Standard Class,SP-20920,60653,10
US-2017-117331,10/21/20,Standard Class,ND-18370,85301,10
CA-2017-117422,10/21/20,Standard Class,FC-14245,44107,10
CA-2017-113453,10/21/20,Standard Class,CM-12160,19143,10
CA-2017-142125,10/21/20,Standard Class,JB-15400,53209,10
CA-2017-127180,10/22/20,First Class,TA-21385,10024,10
CA-2017-101581,10/22/20,Standard Class,DW-13195,97756,10
CA-2017-130211,10/22/20,Same Day,BD-11620,73505,10
US-2017-111920,10/22/20,Standard Class,PS-18970,74133,10
CA-2017-130141,10/22/20,Second Class,HA-14905,80525,10
CA-2017-156363,10/22/20,Standard Class,ML-17395,19134,10
CA-2017-117079,10/23/20,Standard Class,JR-15700,32216,10
CA-2017-139913,10/23/20,Standard Class,JC-16105,14609,10
US-2017-105389,10/23/20,Second Class,DM-13015,78207,10
CA-2017-106068,10/23/20,Standard Class,RB-19330,78745,10
CA-2017-125451,10/23/20,First Class,AH-10075,2920,10
CA-2017-141705,10/24/20,First Class,PO-18850,76063,10
CA-2017-144365,10/24/20,Standard Class,CS-11950,39212,10
CA-2017-155558,10/26/20,Standard Class,PG-18895,55901,10
CA-2017-162173,10/26/20,Standard Class,OT-18730,23464,10
CA-2017-115119,10/26/20,Standard Class,SC-20440,17602,10
US-2017-110646,10/26/20,Standard Class,JF-15190,19134,10
CA-2017-102729,10/26/20,Standard Class,BF-11215,75217,10
CA-2017-110373,10/27/20,Second Class,MA-17560,60610,10
CA-2017-130764,10/27/20,First Class,JO-15145,94110,10
CA-2017-127922,10/27/20,Standard Class,SH-19975,75081,10
CA-2017-151225,10/27/20,First Class,JM-15655,90032,10
CA-2017-134880,10/27/20,Standard Class,TW-21025,85204,10
CA-2017-110310,10/27/20,Standard Class,NB-18655,32303,10
CA-2017-118367,10/28/20,Second Class,LO-17170,10035,10
CA-2017-111262,10/28/20,Second Class,KH-16510,77095,10
CA-2017-139353,10/28/20,Second Class,JM-15250,28314,10
CA-2017-160661,10/28/20,Standard Class,SA-20830,2149,10
CA-2017-160983,10/29/20,Second Class,GB-14530,13021,10
CA-2017-139661,10/30/20,Standard Class,JW-15220,98661,10
CA-2017-127285,10/30/20,Standard Class,MM-18055,98115,10
CA-2017-123491,10/30/20,Standard Class,JK-15205,94122,10
CA-2017-152807,10/30/20,Standard Class,MC-18100,19140,10
CA-2017-142622,10/30/20,First Class,JK-15625,98115,10
CA-2017-152583,10/30/20,Same Day,RA-19945,75217,10
CA-2017-155292,10/30/20,First Class,RD-19810,40475,10
CA-2017-131632,10/31/20,Standard Class,AH-10120,75217,10
CA-2017-117114,10/31/20,Standard Class,CY-12745,60610,10
CA-2017-123967,1/11/20,Second Class,SF-20200,98226,1
CA-2017-104136,1/11/20,Second Class,SF-20065,2149,1
CA-2017-164049,2/11/20,Standard Class,KH-16630,98105,2
CA-2017-116358,2/11/20,Standard Class,KM-16225,66212,2
US-2017-163790,2/11/20,Second Class,NL-18310,94526,2
CA-2017-143567,2/11/20,Second Class,TB-21175,42420,2
CA-2017-127782,2/11/20,Standard Class,TH-21115,19140,2
CA-2017-168179,2/11/20,Standard Class,JB-16000,84106,2
CA-2017-141425,2/11/20,Second Class,AR-10825,43229,2
US-2017-115609,2/11/20,Standard Class,CS-12505,90036,2
US-2017-145597,2/11/20,First Class,GG-14650,61701,2
CA-2017-167227,2/11/20,First Class,NP-18670,63116,2
CA-2017-120061,2/11/20,Second Class,SR-20425,45503,2
CA-2017-169005,2/11/20,Standard Class,BG-11035,22153,2
CA-2017-153339,3/11/20,Second Class,DJ-13510,37130,3
CA-2017-142636,3/11/20,Standard Class,KC-16675,98105,3
CA-2017-126046,3/11/20,Standard Class,JC-16105,30318,3
CA-2017-143329,3/11/20,Standard Class,DL-13330,88001,3
CA-2017-121615,3/11/20,Standard Class,DL-12925,55122,3
CA-2017-110429,3/11/20,Standard Class,DM-13015,19143,3
US-2017-110989,3/11/20,Second Class,EJ-14155,98105,3
CA-2017-103009,3/11/20,Second Class,PJ-18835,40475,3
CA-2017-148320,3/11/20,Standard Class,PG-18895,94109,3
CA-2017-161130,3/11/20,Standard Class,BF-11275,33178,3
US-2017-101518,3/11/20,Standard Class,PB-19105,19140,3
US-2017-105998,3/11/20,First Class,CR-12580,92037,3
CA-2017-130834,3/11/20,Second Class,JM-16195,28403,3
US-2017-168802,3/11/20,Standard Class,JO-15145,98103,3
CA-2017-135419,3/11/20,Standard Class,BG-11740,93309,3
CA-2017-100622,3/11/20,Standard Class,DK-13090,32839,3
US-2017-168116,4/11/20,Same Day,GT-14635,27217,4
US-2017-156083,4/11/20,Standard Class,JL-15175,38401,4
CA-2017-105144,4/11/20,Standard Class,SZ-20035,75051,4
CA-2017-147760,4/11/20,First Class,KL-16555,27405,4
CA-2017-102610,4/11/20,Standard Class,CA-12265,37421,4
CA-2017-121160,4/11/20,Same Day,FM-14290,77803,4
US-2017-122672,4/11/20,Standard Class,HG-14965,43130,4
CA-2017-159135,4/11/20,Standard Class,KM-16375,72762,4
US-2017-107272,5/11/20,Standard Class,TS-21610,85023,5
US-2017-111745,5/11/20,First Class,RA-19885,87401,5
CA-2017-116225,5/11/20,Standard Class,SV-20935,10009,5
CA-2017-154732,5/11/20,First Class,AH-10195,60623,5
CA-2017-114258,5/11/20,Second Class,EM-13825,75081,5
CA-2017-157196,5/11/20,Standard Class,AA-10645,92105,5
CA-2017-102925,5/11/20,Second Class,CD-12280,10024,5
CA-2017-118213,5/11/20,First Class,AB-10060,46142,5
US-2017-109484,6/11/20,Standard Class,RB-19705,97206,6
CA-2017-107720,6/11/20,Standard Class,VM-21685,7090,6
CA-2017-154816,6/11/20,Standard Class,VB-21745,40475,6
CA-2017-100013,6/11/20,Standard Class,ZC-21910,90045,6
CA-2017-167941,6/11/20,Second Class,JF-15565,28314,6
CA-2017-125290,6/11/20,Second Class,CC-12430,55407,6
CA-2017-154109,6/11/20,Standard Class,ML-17410,19143,6
US-2017-153948,6/11/20,Same Day,FM-14290,94122,6
CA-2017-144596,6/11/20,Standard Class,CD-11980,10011,6
CA-2017-107174,6/11/20,Standard Class,AB-10060,98105,6
US-2017-119319,6/11/20,Second Class,LC-17050,75217,6
CA-2017-106691,6/11/20,Standard Class,CC-12370,77070,6
CA-2017-150504,6/11/20,Standard Class,HG-14845,75220,6
CA-2017-122504,7/11/20,Second Class,DB-13270,94513,7
CA-2017-149888,7/11/20,Standard Class,EP-13915,19120,7
CA-2017-152737,7/11/20,Standard Class,TS-21505,94122,7
CA-2017-132346,7/11/20,Standard Class,PK-19075,19711,7
CA-2017-113572,7/11/20,Standard Class,FP-14320,10024,7
CA-2017-113460,7/11/20,Second Class,KN-16390,20735,7
CA-2017-163188,7/11/20,Same Day,EC-14050,73120,7
CA-2017-143658,8/11/20,Second Class,SR-20425,10035,8
CA-2017-155621,8/11/20,Standard Class,KN-16450,21215,8
CA-2017-161018,9/11/20,Second Class,PN-18775,10009,9
CA-2017-158246,9/11/20,First Class,JB-15400,94086,9
CA-2017-159597,9/11/20,Standard Class,MC-17590,92236,9
CA-2017-152912,9/11/20,Second Class,BM-11650,21044,9
US-2017-141852,9/11/20,Standard Class,JE-15745,92054,9
CA-2017-119494,9/11/20,Standard Class,JE-15610,92105,9
CA-2017-159667,9/11/20,Standard Class,PM-19135,32216,9
US-2017-155425,10/11/20,First Class,AB-10600,85705,10
CA-2017-104640,10/11/20,Standard Class,FH-14275,10024,10
CA-2017-161739,10/11/20,Second Class,EB-13750,78664,10
CA-2017-163874,10/11/20,Second Class,NC-18535,98105,10
CA-2017-142671,10/11/20,Second Class,DR-12940,33021,10
CA-2017-162096,10/11/20,Same Day,TB-21190,92503,10
US-2017-128447,10/11/20,Standard Class,MC-17845,99301,10
CA-2017-141138,10/11/20,Standard Class,GH-14425,95351,10
CA-2017-137624,10/11/20,Standard Class,ME-17320,90008,10
CA-2017-150959,11/11/20,First Class,TD-20995,75043,11
CA-2017-143455,11/11/20,Standard Class,ML-17755,45503,11
CA-2017-110842,11/11/20,Standard Class,GA-14725,90036,11
CA-2017-157483,11/11/20,Standard Class,EP-13915,48227,11
CA-2017-120327,11/11/20,Standard Class,WB-21850,50322,11
CA-2017-143217,11/11/20,Standard Class,CG-12040,53209,11
CA-2017-154137,11/11/20,Standard Class,MT-17815,10009,11
CA-2017-158561,11/11/20,Second Class,BB-11545,33311,11
CA-2017-115448,11/11/20,First Class,MH-18025,37918,11
CA-2017-148985,11/11/20,Second Class,TB-21190,90045,11
US-2017-116491,11/11/20,First Class,PG-18820,75081,11
CA-2017-167976,11/11/20,Second Class,JL-15505,57401,11
CA-2017-160514,12/11/20,Standard Class,DB-13120,95051,12
CA-2017-134978,12/11/20,Second Class,EB-13705,10024,12
CA-2017-130386,12/11/20,Standard Class,NG-18430,78745,12
US-2017-116659,12/11/20,Same Day,NG-18355,43055,12
CA-2017-134915,12/11/20,Same Day,EM-14140,85301,12
CA-2017-164168,12/11/20,Standard Class,LS-16975,75081,12
CA-2017-122644,12/11/20,Standard Class,SF-20965,43229,12
CA-2017-164364,12/11/20,Standard Class,CS-12355,98115,12
US-2017-136707,12/11/20,First Class,JE-15610,90036,12
CA-2017-149944,12/11/20,Second Class,MB-17305,98632,12
CA-2017-154088,12/11/20,Standard Class,LB-16735,32303,12
US-2017-132220,12/11/20,Standard Class,DJ-13510,85281,12
US-2017-125808,12/11/20,Second Class,EP-13915,90032,12
CA-2017-166835,12/11/20,Second Class,DK-13375,17602,12
US-2017-119662,11/13/20,First Class,CS-12400,60623,11
US-2017-124926,11/13/20,Second Class,ME-17320,77095,11
US-2017-165344,11/13/20,First Class,SB-20290,45503,11
CA-2017-160416,11/13/20,Second Class,AD-10180,10701,11
CA-2017-165204,11/13/20,Second Class,MN-17935,38109,11
CA-2017-122490,11/13/20,Standard Class,TT-21070,98103,11
US-2017-153633,11/13/20,Second Class,TC-21295,33458,11
CA-2017-113873,11/13/20,Standard Class,KE-16420,75220,11
CA-2017-159156,11/13/20,First Class,KB-16600,10009,11
CA-2017-112844,11/13/20,Second Class,SP-20620,14215,11
CA-2017-133620,11/13/20,Standard Class,EM-14065,10009,11
US-2017-102904,11/13/20,Standard Class,CB-12025,35601,11
CA-2017-123624,11/13/20,Second Class,SE-20110,93030,11
US-2017-140312,11/13/20,Standard Class,KL-16645,94568,11
CA-2017-138611,11/14/20,Second Class,CK-12595,43123,11
CA-2017-152142,11/14/20,Standard Class,LW-16990,94110,11
CA-2017-106943,11/14/20,Standard Class,FO-14305,10035,11
US-2017-136679,11/14/20,Standard Class,XP-21865,77506,11
CA-2017-137323,11/14/20,Second Class,PW-19030,13601,11
CA-2017-142489,11/14/20,Second Class,TC-21295,77095,11
US-2017-118157,11/14/20,First Class,AW-10930,55407,11
CA-2017-124261,11/14/20,Standard Class,JE-15715,90049,11
CA-2017-108112,11/15/20,Standard Class,DK-12895,33023,11
US-2017-157896,11/16/20,Same Day,CB-12415,10009,11
CA-2017-137022,11/16/20,Standard Class,SW-20275,92105,11
CA-2017-136308,11/16/20,Same Day,MW-18235,94122,11
CA-2017-100601,11/16/20,Standard Class,JK-15370,93727,11
CA-2017-108091,11/16/20,Standard Class,EK-13795,92025,11
US-2017-114657,11/16/20,Standard Class,MH-18115,10701,11
US-2017-107888,11/16/20,First Class,CC-12220,98103,11
US-2017-118598,11/16/20,Same Day,CM-12190,13501,11
CA-2017-122945,11/16/20,Standard Class,MB-18085,95661,11
CA-2017-121678,11/16/20,Second Class,BM-11650,44035,11
CA-2017-160633,11/16/20,Standard Class,BS-11380,43402,11
CA-2017-157448,11/16/20,Standard Class,LC-16885,90049,11
CA-2017-165687,11/17/20,Standard Class,CS-12355,24153,11
CA-2017-138163,11/17/20,First Class,XP-21865,2149,11
CA-2017-124674,11/17/20,Standard Class,JB-16000,78521,11
CA-2017-166709,11/17/20,Standard Class,HL-15040,19711,11
CA-2017-141719,11/17/20,Second Class,EG-13900,60540,11
CA-2017-128265,11/17/20,Second Class,VW-21775,10011,11
CA-2017-118122,11/17/20,Standard Class,GG-14650,98103,11
CA-2017-158120,11/17/20,Standard Class,KH-16330,97123,11
CA-2017-100902,11/17/20,Standard Class,CK-12595,28205,11
US-2017-155866,11/17/20,Standard Class,CC-12370,10011,11
US-2017-116505,11/17/20,Second Class,TB-21625,21740,11
CA-2017-163629,11/17/20,Standard Class,RA-19885,30605,11
US-2017-132444,11/18/20,First Class,CD-12280,98105,11
US-2017-158946,11/18/20,Standard Class,JW-15220,44107,11
CA-2017-143434,11/18/20,Standard Class,ME-17320,48601,11
CA-2017-167871,11/18/20,Standard Class,AF-10870,33030,11
CA-2017-104913,11/18/20,Standard Class,DK-13090,11561,11
CA-2017-104864,11/18/20,Second Class,JS-15685,33023,11
CA-2017-160122,11/18/20,Standard Class,RD-19930,60623,11
CA-2017-107825,11/18/20,Same Day,NB-18655,53209,11
US-2017-152380,11/19/20,Standard Class,JH-15910,60623,11
CA-2017-162929,11/19/20,First Class,AS-10135,10035,11
CA-2017-121468,11/19/20,First Class,KD-16345,92683,11
CA-2017-158876,11/19/20,Second Class,AB-10150,75007,11
US-2017-139969,11/19/20,Standard Class,AF-10870,77840,11
US-2017-137491,11/19/20,Standard Class,LC-16930,76903,11
CA-2017-101042,11/19/20,Standard Class,AB-10105,42420,11
CA-2017-126242,11/19/20,Standard Class,MC-18100,90049,11
CA-2017-168858,11/19/20,Standard Class,JD-16150,10011,11
CA-2017-112529,11/19/20,First Class,SC-20770,78207,11
CA-2017-110926,11/19/20,Standard Class,DD-13570,22304,11
CA-2017-131254,11/19/20,First Class,NC-18415,77095,11
US-2017-108014,11/19/20,Standard Class,JH-15430,44105,11
CA-2017-146458,11/19/20,Second Class,RB-19435,22153,11
CA-2017-143021,11/19/20,Same Day,AP-10720,10011,11
CA-2017-118731,11/20/20,Second Class,LP-17080,94110,11
CA-2017-121818,11/20/20,First Class,JH-15430,27217,11
US-2017-161193,11/20/20,Standard Class,BT-11680,43055,11
US-2017-110996,11/20/20,Standard Class,KA-16525,91761,11
CA-2017-146724,11/20/20,Standard Class,HG-15025,55044,11
CA-2017-111556,11/20/20,First Class,CD-11920,10035,11
CA-2017-103499,11/20/20,Standard Class,ES-14020,38301,11
CA-2017-154123,11/20/20,Standard Class,SC-20050,42420,11
CA-2017-120404,11/20/20,Second Class,KH-16330,10035,11
CA-2017-142888,11/21/20,Standard Class,BP-11230,99207,11
CA-2017-107874,11/21/20,Standard Class,SW-20275,10035,11
CA-2017-103380,11/21/20,Standard Class,BF-11005,91104,11
CA-2017-100811,11/21/20,First Class,CC-12475,19143,11
CA-2017-105130,11/21/20,Standard Class,PJ-18835,94122,11
CA-2017-110443,11/21/20,Standard Class,CK-12205,98059,11
CA-2017-157420,11/21/20,Same Day,HZ-14950,77095,11
CA-2017-144036,11/22/20,Standard Class,FO-14305,77070,11
CA-2017-119004,11/23/20,Standard Class,JM-15250,28205,11
CA-2017-149160,11/23/20,Second Class,JM-15265,48187,11
CA-2017-103156,11/23/20,First Class,TD-20995,19120,11
CA-2017-107832,11/23/20,Second Class,FH-14275,19120,11
CA-2017-119746,11/23/20,Standard Class,CM-12385,60610,11
CA-2017-166919,11/23/20,Standard Class,AH-10210,75220,11
CA-2017-167017,11/23/20,First Class,DC-12850,48066,11
CA-2017-148992,11/23/20,Standard Class,CS-12250,60623,11
CA-2017-156622,11/23/20,First Class,JP-15460,75220,11
CA-2017-101945,11/24/20,Standard Class,GT-14710,77070,11
CA-2017-166436,11/24/20,Standard Class,TS-21370,10035,11
CA-2017-128300,11/24/20,Second Class,RS-19765,29483,11
CA-2017-146535,11/24/20,Standard Class,FM-14290,40475,11
CA-2017-169894,11/24/20,Second Class,MV-17485,85204,11
CA-2017-153654,11/24/20,Second Class,MD-17860,28806,11
CA-2017-168641,11/24/20,Standard Class,KA-16525,10035,11
CA-2017-123701,11/24/20,First Class,PG-18820,94110,11
CA-2017-131366,11/24/20,Standard Class,SC-20440,17602,11
CA-2017-105543,11/24/20,Same Day,BG-11695,67846,11
CA-2017-162250,11/24/20,Same Day,PR-18880,94109,11
CA-2017-103765,11/24/20,Standard Class,JG-15310,79762,11
US-2017-128118,11/24/20,Standard Class,MY-17380,38109,11
CA-2017-137505,11/24/20,Same Day,BP-11290,90008,11
CA-2017-164028,11/24/20,Standard Class,JL-15835,94122,11
CA-2017-129000,11/25/20,Second Class,SZ-20035,48187,11
US-2017-133312,11/25/20,Standard Class,BD-11500,94122,11
CA-2017-161459,11/25/20,Second Class,EB-13750,92677,11
CA-2017-155159,11/25/20,Second Class,DL-13315,30318,11
CA-2017-124765,11/25/20,Standard Class,HZ-14950,33311,11
CA-2017-101665,11/25/20,Standard Class,TZ-21580,94122,11
CA-2017-150266,11/25/20,Standard Class,RO-19780,77070,11
US-2017-109610,11/25/20,Second Class,BS-11590,40214,11
CA-2017-135307,11/26/20,First Class,LS-17245,64118,11
CA-2017-122700,11/26/20,Standard Class,LT-17110,43229,11
CA-2017-165029,11/26/20,Standard Class,AH-10075,30318,11
CA-2017-155957,11/26/20,Standard Class,CC-12610,43229,11
CA-2017-130526,11/26/20,First Class,GT-14755,61107,11
CA-2017-155607,11/26/20,Standard Class,FG-14260,10009,11
CA-2017-141439,11/26/20,Standard Class,TT-21460,47374,11
CA-2017-100097,11/26/20,Second Class,MN-17935,10009,11
CA-2017-102519,11/27/20,First Class,BM-11650,53209,11
CA-2017-101245,11/27/20,Standard Class,LW-16990,94109,11
CA-2017-132185,11/27/20,Standard Class,DB-13615,28806,11
CA-2017-107125,11/27/20,Standard Class,BD-11320,90045,11
CA-2017-133207,11/27/20,Standard Class,DO-13645,90036,11
CA-2017-103352,11/27/20,Second Class,RP-19390,10011,11
CA-2017-159506,11/27/20,Standard Class,JR-16210,47201,11
US-2017-110576,11/28/20,Standard Class,RB-19795,19120,11
CA-2017-121538,11/28/20,First Class,RH-19495,80219,11
CA-2017-123372,11/28/20,Standard Class,DG-13300,10035,11
CA-2017-117702,11/28/20,Standard Class,LS-16975,21215,11
CA-2017-131303,11/28/20,Standard Class,EP-13915,92037,11
CA-2017-108035,11/29/20,Standard Class,TT-21070,37421,11
CA-2017-111689,11/30/20,Second Class,HP-14815,10024,11
CA-2017-119305,11/30/20,Standard Class,SW-20275,39212,11
CA-2017-116645,11/30/20,Standard Class,ME-17725,19711,11
US-2017-120089,11/30/20,Same Day,ML-17755,43615,11
US-2017-148768,11/30/20,Second Class,PN-18775,33180,11
CA-2017-102267,11/30/20,Standard Class,SC-20800,78539,11
CA-2017-142090,11/30/20,Standard Class,SC-20380,27217,11
CA-2017-105333,11/30/20,Standard Class,VP-21730,10011,11
CA-2017-107314,11/30/20,First Class,MZ-17335,94109,11
CA-2017-137365,11/30/20,Second Class,BP-11095,79907,11
US-2017-165456,11/30/20,First Class,TB-21625,19134,11
CA-2017-135860,1/12/20,Standard Class,JH-15985,48601,1
CA-2017-163139,1/12/20,Second Class,CC-12670,10009,1
CA-2017-145233,1/12/20,Standard Class,DV-13465,80219,1
CA-2017-144862,1/12/20,Standard Class,EH-14005,19143,1
CA-2017-113355,1/12/20,Standard Class,SJ-20215,75051,1
CA-2017-118542,1/12/20,Standard Class,CC-12550,90008,1
CA-2017-127313,1/12/20,First Class,RA-19285,19120,1
CA-2017-143245,1/12/20,Standard Class,AD-10180,6824,1
CA-2017-145660,1/12/20,First Class,MG-17650,43302,1
CA-2017-138618,1/12/20,Standard Class,MY-17380,78207,1
CA-2017-166926,1/12/20,Standard Class,SO-20335,98105,1
CA-2017-101805,1/12/20,Standard Class,SH-19975,98105,1
CA-2017-103968,1/12/20,Standard Class,ML-17755,95207,1
CA-2017-122539,1/12/20,Standard Class,SC-20305,19140,1
CA-2017-116715,2/12/20,First Class,VW-21775,94122,2
US-2017-108063,2/12/20,First Class,AS-10090,22901,2
US-2017-147221,2/12/20,Second Class,JS-16030,77036,2
CA-2017-164917,2/12/20,Standard Class,MK-17905,33180,2
CA-2017-109701,2/12/20,Same Day,AM-10360,90032,2
CA-2017-155089,2/12/20,Standard Class,DB-12910,33614,2
CA-2017-155075,2/12/20,Standard Class,GW-14605,19140,2
CA-2017-160885,2/12/20,Standard Class,JK-16090,68104,2
CA-2017-102379,2/12/20,Standard Class,BB-11545,94601,2
CA-2017-143756,2/12/20,First Class,ME-17725,24153,2
CA-2017-104108,2/12/20,Standard Class,RP-19855,77095,2
CA-2017-165715,2/12/20,Standard Class,BG-11035,27405,2
US-2017-112347,2/12/20,Standard Class,BS-11380,80219,2
CA-2017-147767,2/12/20,Same Day,SV-20935,85345,2
CA-2017-157469,2/12/20,Standard Class,ES-14080,44107,2
CA-2017-167395,2/12/20,First Class,KM-16720,1852,2
CA-2017-148691,3/12/20,Standard Class,CS-12460,10009,3
CA-2017-136875,3/12/20,Same Day,TC-21295,92024,3
CA-2017-128699,3/12/20,Second Class,ND-18370,32216,3
US-2017-149510,3/12/20,Standard Class,MC-17575,28314,3
CA-2017-143126,3/12/20,Second Class,CM-12655,98115,3
CA-2017-103415,3/12/20,Standard Class,MV-17485,77041,3
CA-2017-123071,3/12/20,First Class,CC-12550,75023,3
CA-2017-118017,3/12/20,Second Class,LC-16870,80229,3
CA-2017-156412,4/12/20,Standard Class,CM-12160,19134,4
CA-2017-139773,4/12/20,Same Day,DV-13045,19143,4
CA-2017-117667,4/12/20,Standard Class,MS-17980,19134,4
CA-2017-152660,4/12/20,Standard Class,CB-12415,60610,4
US-2017-107384,4/12/20,Standard Class,TP-21130,55901,4
CA-2017-109183,4/12/20,Standard Class,LR-16915,37211,4
CA-2017-160031,4/12/20,Second Class,LT-16765,45014,4
CA-2017-153227,4/12/20,First Class,CS-12250,90032,4
CA-2017-118003,4/12/20,Standard Class,DO-13645,7501,4
CA-2017-147550,4/12/20,First Class,KE-16420,19134,4
CA-2017-130351,5/12/20,First Class,RB-19570,47201,5
CA-2017-126865,5/12/20,Second Class,NP-18325,92024,5
CA-2017-104066,5/12/20,Standard Class,QJ-19255,5408,5
CA-2017-105235,5/12/20,Standard Class,SM-20950,10011,5
CA-2017-131212,5/12/20,Standard Class,AB-10165,98006,5
US-2017-126053,5/12/20,First Class,CS-11950,10024,5
CA-2017-156958,5/12/20,First Class,PB-18805,98115,5
CA-2017-117128,5/12/20,Second Class,BF-11080,10024,5
US-2017-149006,6/12/20,Second Class,BN-11470,94513,6
CA-2017-137099,7/12/20,First Class,FP-14320,90008,7
CA-2017-134285,7/12/20,Standard Class,DS-13180,78207,7
CA-2017-157980,7/12/20,First Class,SH-20395,43615,7
US-2017-136189,7/12/20,Standard Class,DC-13285,23223,7
US-2017-122714,7/12/20,Standard Class,HG-14965,60653,7
CA-2017-135587,7/12/20,Standard Class,BH-11710,39401,7
CA-2017-142328,7/12/20,Standard Class,TC-21535,94122,7
CA-2017-117457,8/12/20,Standard Class,KH-16510,94110,8
CA-2017-145226,8/12/20,Second Class,DL-13315,10035,8
CA-2017-148264,8/12/20,First Class,LF-17185,90301,8
CA-2017-117926,8/12/20,Second Class,AS-10225,94109,8
CA-2017-108854,8/12/20,Standard Class,DM-13345,94109,8
CA-2017-117324,8/12/20,Standard Class,JP-15520,53711,8
CA-2017-152436,8/12/20,Second Class,CW-11905,2920,8
US-2017-167570,8/12/20,Standard Class,EG-13900,19140,8
US-2017-131961,8/12/20,First Class,MJ-17740,19140,8
US-2017-118038,9/12/20,First Class,KB-16600,77041,9
CA-2017-108329,9/12/20,Standard Class,LE-16810,90604,9
US-2017-145366,9/12/20,Standard Class,CA-12310,45231,9
CA-2017-139199,9/12/20,Standard Class,DK-12835,48234,9
CA-2017-129833,9/12/20,Standard Class,HF-14995,46203,9
CA-2017-148012,9/12/20,Standard Class,KM-16225,19143,9
CA-2017-109960,9/12/20,Second Class,DB-13210,48234,9
CA-2017-109715,9/12/20,Standard Class,AH-10585,60623,9
CA-2017-102407,9/12/20,Second Class,AT-10435,90004,9
US-2017-103814,9/12/20,Standard Class,LH-16900,60068,9
CA-2017-139402,9/12/20,Standard Class,NC-18535,85023,9
CA-2017-141201,9/12/20,Second Class,DB-12910,93905,9
US-2017-167920,9/12/20,Second Class,JL-15835,40475,9
US-2017-132927,9/12/20,Standard Class,RD-19720,19134,9
CA-2017-102659,9/12/20,Standard Class,LW-17215,49505,9
CA-2017-167150,10/12/20,Standard Class,BP-11185,92037,10
CA-2017-157651,10/12/20,Standard Class,HA-14920,19120,10
CA-2017-108294,10/12/20,Same Day,LS-16975,68104,10
CA-2017-148446,10/12/20,Second Class,MC-17845,89031,10
CA-2017-143798,10/12/20,First Class,AW-10840,19140,10
CA-2017-152695,10/12/20,Same Day,CC-12220,6824,10
CA-2017-158967,10/12/20,First Class,BT-11680,33311,10
US-2017-140907,10/12/20,Second Class,BP-11185,98103,10
CA-2017-148922,10/12/20,Second Class,SU-20665,39212,10
CA-2017-107748,10/12/20,Second Class,AG-10330,95207,10
US-2017-135503,10/12/20,Standard Class,JE-16165,29406,10
US-2017-110149,10/12/20,First Class,WB-21850,19143,10
CA-2017-101798,11/12/20,Standard Class,MV-18190,10009,11
US-2017-160759,11/12/20,Standard Class,AI-10855,19120,11
CA-2017-162565,11/12/20,Same Day,RR-19315,60505,11
CA-2017-129581,11/12/20,Standard Class,KN-16390,2740,11
CA-2017-149706,11/12/20,First Class,AS-10285,60067,11
CA-2017-100230,11/12/20,Standard Class,AA-10375,10035,11
CA-2017-165099,11/12/20,First Class,DK-13375,79605,11
CA-2017-168389,11/12/20,Standard Class,DV-13045,32216,11
CA-2017-142776,11/12/20,Second Class,RS-19870,52601,11
US-2017-125213,11/12/20,First Class,NB-18655,7501,11
CA-2017-153871,11/12/20,Standard Class,RB-19435,7060,11
CA-2017-107986,12/13/20,Same Day,MW-18220,98103,12
CA-2017-135377,12/13/20,Standard Class,BP-11095,10024,12
CA-2017-122770,12/13/20,Standard Class,EP-13915,94122,12
CA-2017-169859,12/14/20,Standard Class,MP-18175,92024,12
CA-2017-122595,12/14/20,Standard Class,GM-14455,60653,12
CA-2017-147333,12/14/20,Standard Class,KL-16555,72701,12
US-2017-113992,12/14/20,Standard Class,LC-16885,75023,12
CA-2017-107629,12/14/20,Same Day,DB-13060,60076,12
CA-2017-151799,12/14/20,Standard Class,BF-11170,1841,12
CA-2017-119564,12/15/20,Standard Class,PL-18925,98115,12
CA-2017-136063,12/15/20,Standard Class,SS-20140,60302,12
CA-2017-154116,12/15/20,Standard Class,KM-16660,90301,12
CA-2017-137428,12/16/20,Second Class,AY-10555,92054,12
CA-2017-111808,12/16/20,Standard Class,AR-10510,74133,12
CA-2017-104381,12/16/20,Standard Class,RD-19810,14609,12
CA-2017-161578,12/16/20,Second Class,RB-19465,90036,12
CA-2017-137463,12/16/20,Second Class,KM-16225,94086,12
US-2017-116701,12/17/20,Second Class,LC-17140,75220,12
CA-2017-133431,12/17/20,Standard Class,LC-17140,94122,12
CA-2017-106964,12/17/20,First Class,HR-14770,90045,12
CA-2017-107342,12/17/20,Standard Class,VF-21715,47201,12
CA-2017-116855,12/17/20,Standard Class,AI-10855,23320,12
CA-2017-130309,12/17/20,Standard Class,GB-14575,22204,12
CA-2017-120936,12/17/20,Standard Class,CA-12310,92804,12
CA-2017-103443,12/17/20,Standard Class,AT-10735,10009,12
CA-2017-155362,12/17/20,Standard Class,DP-13105,54703,12
CA-2017-140585,12/18/20,Second Class,RA-19915,92024,12
CA-2017-115602,12/18/20,Standard Class,DJ-13630,10009,12
CA-2017-105886,12/18/20,Standard Class,DB-13660,11572,12
CA-2017-102099,12/18/20,First Class,EP-13915,90008,12
CA-2017-164000,12/18/20,Standard Class,AH-10030,19134,12
CA-2017-108287,12/18/20,First Class,AG-10330,28205,12
CA-2017-158736,12/18/20,Standard Class,TT-21460,94110,12
CA-2017-156664,12/18/20,Standard Class,BP-11290,43229,12
CA-2017-143252,12/18/20,Standard Class,HE-14800,53209,12
CA-2017-128160,12/19/20,Second Class,MM-17920,94110,12
CA-2017-158729,12/19/20,First Class,AC-10450,70506,12
CA-2017-116946,12/19/20,Standard Class,TS-21505,80134,12
CA-2017-105480,12/20/20,Standard Class,DK-13225,14609,12
CA-2017-102197,12/20/20,Standard Class,DK-13150,10009,12
CA-2017-163405,12/21/20,Standard Class,BN-11515,90049,12
CA-2017-138380,12/21/20,Standard Class,YS-21880,94601,12
CA-2017-165841,12/21/20,Standard Class,DB-13210,7501,12
CA-2017-109589,12/21/20,First Class,BD-11635,42104,12
CA-2017-144827,12/21/20,Standard Class,SE-20110,92627,12
CA-2017-107461,12/21/20,Second Class,PK-19075,29203,12
CA-2017-137456,12/21/20,Same Day,RB-19465,68025,12
CA-2017-106782,12/21/20,Standard Class,LP-17095,47905,12
CA-2017-155376,12/22/20,Standard Class,SG-20080,64055,12
CA-2017-145310,12/22/20,Second Class,JP-15520,32127,12
CA-2017-120376,12/22/20,First Class,TP-21130,48227,12
CA-2017-115931,12/22/20,Standard Class,JM-15655,88220,12
CA-2017-119193,12/22/20,First Class,SK-19990,43615,12
CA-2017-119578,12/22/20,Second Class,JG-15310,2908,12
CA-2017-104927,12/22/20,Standard Class,AG-10330,77095,12
CA-2017-100412,12/22/20,Standard Class,SR-20425,35401,12
CA-2017-142909,12/22/20,Second Class,AG-10330,85204,12
CA-2017-149699,12/22/20,First Class,CM-12115,90008,12
CA-2017-146164,12/22/20,Standard Class,CM-12190,55901,12
CA-2017-150910,12/22/20,Standard Class,JL-15130,38301,12
US-2017-123463,12/23/20,Same Day,GZ-14470,94109,12
CA-2017-127929,12/23/20,Standard Class,FM-14215,6457,12
CA-2017-121216,12/23/20,Second Class,MM-17920,77840,12
CA-2017-140627,12/23/20,Standard Class,DK-12985,37075,12
US-2017-162670,12/23/20,Second Class,MF-18250,72209,12
CA-2017-117443,12/23/20,Second Class,JB-15400,61107,12
CA-2017-110625,12/23/20,Standard Class,JB-16045,6810,12
CA-2017-117933,12/24/20,Standard Class,RF-19840,10024,12
CA-2017-154935,12/24/20,Standard Class,AR-10540,10024,12
CA-2017-147956,12/24/20,Standard Class,AH-10210,98105,12
CA-2017-169978,12/24/20,Standard Class,HG-15025,11572,12
CA-2017-169411,12/24/20,Standard Class,AC-10615,14609,12
CA-2017-124296,12/24/20,Standard Class,CS-12355,70506,12
CA-2017-145219,12/24/20,First Class,RM-19675,90049,12
CA-2017-128734,12/24/20,Standard Class,JL-15175,85224,12
CA-2017-121195,12/24/20,First Class,NS-18505,75220,12
CA-2017-163671,12/24/20,Standard Class,DP-13105,83642,12
CA-2017-148355,12/24/20,Standard Class,NC-18535,2740,12
CA-2017-146780,12/25/20,Standard Class,CV-12805,10035,12
CA-2017-161480,12/25/20,Standard Class,RA-19285,10035,12
CA-2017-163510,12/25/20,Second Class,JW-15955,40214,12
US-2017-147669,12/25/20,Standard Class,SV-20935,45014,12
CA-2017-114055,12/25/20,Second Class,MH-18115,35810,12
CA-2017-121398,12/25/20,Standard Class,FH-14365,90008,12
CA-2017-162880,12/25/20,Standard Class,GD-14590,98208,12
CA-2017-134194,12/25/20,Standard Class,GA-14725,75081,12
CA-2017-105620,12/25/20,First Class,JH-15430,33012,12
CA-2017-108756,12/25/20,Standard Class,PO-18865,7017,12
US-2017-106705,12/26/20,Standard Class,PO-18850,52601,12
CA-2017-112487,12/26/20,Standard Class,TC-21535,43229,12
CA-2017-121741,12/26/20,Same Day,YC-21895,68025,12
CA-2017-136238,12/26/20,Standard Class,KB-16240,79762,12
CA-2017-134404,12/27/20,Same Day,DR-12880,43055,12
CA-2017-163979,12/28/20,Second Class,KH-16690,94110,12
CA-2017-164826,12/28/20,Standard Class,JF-15415,10024,12
CA-2017-136539,12/28/20,Standard Class,GH-14665,78664,12
CA-2017-129805,12/28/20,Standard Class,HM-14860,98103,12
CA-2017-127516,12/28/20,Standard Class,EH-14005,37211,12
US-2017-162068,12/28/20,Second Class,PC-18745,80538,12
CA-2017-101322,12/28/20,First Class,JG-15310,90805,12
CA-2017-163860,12/28/20,Standard Class,LO-17170,61604,12
CA-2017-135111,12/28/20,Standard Class,CS-12400,58103,12
CA-2017-122798,12/28/20,Standard Class,SV-20935,87105,12
CA-2017-118885,12/29/20,Standard Class,JG-15160,90049,12
US-2017-102638,12/29/20,First Class,MC-17845,10035,12
CA-2017-158673,12/29/20,Standard Class,KB-16600,49505,12
CA-2017-146626,12/29/20,Standard Class,BP-11185,92804,12
CA-2017-130631,12/29/20,Standard Class,BS-11755,98026,12
US-2017-158526,12/29/20,Second Class,KH-16360,40214,12
CA-2017-126221,12/30/20,Standard Class,CC-12430,47201,12
CA-2017-143259,12/30/20,Standard Class,PO-18865,10009,12
CA-2017-115427,12/30/20,Standard Class,EB-13975,94533,12
CA-2017-156720,12/30/20,Standard Class,JM-15580,80538,12